ID	Title	Category	Annotated	URL	Source	SourceID	original.ID	B
LI.M0	targets of FOSL1/2	TF targets	Yes	http://www.interactivefigures.com/meni/btm416_annotation/btmdata/M0.htm	Li et al. 2013	LI	M0	12
LI.M1.0	integrin cell surface interactions (I)	molecular function	Yes	http://www.interactivefigures.com/meni/btm416_annotation/btmdata/M1.0.htm	Li et al. 2013	LI	M1.0	29
LI.M1.1	integrin cell surface interactions (II)	molecular function	Yes	http://www.interactivefigures.com/meni/btm416_annotation/btmdata/M1.1.htm	Li et al. 2013	LI	M1.1	12
LI.M2.0	extracellular matrix (I)	location	Yes	http://www.interactivefigures.com/meni/btm416_annotation/btmdata/M2.0.htm	Li et al. 2013	LI	M2.0	30
LI.M2.1	extracellular matrix (II)	location	Yes	http://www.interactivefigures.com/meni/btm416_annotation/btmdata/M2.1.htm	Li et al. 2013	LI	M2.1	45
LI.M2.2	extracellular matrix (III)	location	Yes	http://www.interactivefigures.com/meni/btm416_annotation/btmdata/M2.2.htm	Li et al. 2013	LI	M2.2	14
LI.M3	regulation of signal transduction	signaling	Yes	http://www.interactivefigures.com/meni/btm416_annotation/btmdata/M3.htm	Li et al. 2013	LI	M3	47
LI.M4.0	cell cycle and transcription	biological process	Yes	http://www.interactivefigures.com/meni/btm416_annotation/btmdata/M4.0.htm	Li et al. 2013	LI	M4.0	335
LI.M4.1	cell cycle (I)	biological process	Yes	http://www.interactivefigures.com/meni/btm416_annotation/btmdata/M4.1.htm	Li et al. 2013	LI	M4.1	145
LI.M4.2	PLK1 signaling events	signaling	Yes	http://www.interactivefigures.com/meni/btm416_annotation/btmdata/M4.2.htm	Li et al. 2013	LI	M4.2	34
LI.M4.3	myeloid cell enriched receptors and transporters	immune	Yes	http://www.interactivefigures.com/meni/btm416_annotation/btmdata/M4.3.htm	Li et al. 2013	LI	M4.3	31
LI.M4.4	mitotic cell cycle - DNA replication	biological process	Yes	http://www.interactivefigures.com/meni/btm416_annotation/btmdata/M4.4.htm	Li et al. 2013	LI	M4.4	30
LI.M4.5	mitotic cell cycle in stimulated CD4 T cells	biological process	Yes	http://www.interactivefigures.com/meni/btm416_annotation/btmdata/M4.5.htm	Li et al. 2013	LI	M4.5	35
LI.M4.6	cell division in stimulated CD4 T cells	biological process	Yes	http://www.interactivefigures.com/meni/btm416_annotation/btmdata/M4.6.htm	Li et al. 2013	LI	M4.6	23
LI.M4.7	mitotic cell cycle	biological process	Yes	http://www.interactivefigures.com/meni/btm416_annotation/btmdata/M4.7.htm	Li et al. 2013	LI	M4.7	21
LI.M4.8	cell division - E2F transcription network	biological process	Yes	http://www.interactivefigures.com/meni/btm416_annotation/btmdata/M4.8.htm	Li et al. 2013	LI	M4.8	19
LI.M4.9	mitotic cell cycle in stimulated CD4 T cells	biological process	Yes	http://www.interactivefigures.com/meni/btm416_annotation/btmdata/M4.9.htm	Li et al. 2013	LI	M4.9	16
LI.M4.10	cell cycle (II)	biological process	Yes	http://www.interactivefigures.com/meni/btm416_annotation/btmdata/M4.10.htm	Li et al. 2013	LI	M4.10	14
LI.M4.11	mitotic cell cycle in stimulated CD4 T cells	biological process	Yes	http://www.interactivefigures.com/meni/btm416_annotation/btmdata/M4.11.htm	Li et al. 2013	LI	M4.11	12
LI.M4.12	C-MYC transcriptional network	TF targets	Yes	http://www.interactivefigures.com/meni/btm416_annotation/btmdata/M4.12.htm	Li et al. 2013	LI	M4.12	12
LI.M4.13	cell junction (GO)	location	Yes	http://www.interactivefigures.com/meni/btm416_annotation/btmdata/M4.13.htm	Li et al. 2013	LI	M4.13	11
LI.M4.14	Rho GTPase cycle	signaling	Yes	http://www.interactivefigures.com/meni/btm416_annotation/btmdata/M4.14.htm	Li et al. 2013	LI	M4.14	10
LI.M4.15	enriched in monocytes (I)	immune	Yes	http://www.interactivefigures.com/meni/btm416_annotation/btmdata/M4.15.htm	Li et al. 2013	LI	M4.15	11
LI.M5.0	regulation of antigen presentation and immune response	immune	Yes	http://www.interactivefigures.com/meni/btm416_annotation/btmdata/M5.0.htm	Li et al. 2013	LI	M5.0	81
LI.M5.1	T cell activation and signaling	immune	Yes	http://www.interactivefigures.com/meni/btm416_annotation/btmdata/M5.1.htm	Li et al. 2013	LI	M5.1	26
LI.M6	mitotic cell division	biological process	Yes	http://www.interactivefigures.com/meni/btm416_annotation/btmdata/M6.htm	Li et al. 2013	LI	M6	32
LI.M7.0	enriched in T cells (I)	immune	Yes	http://www.interactivefigures.com/meni/btm416_annotation/btmdata/M7.0.htm	Li et al. 2013	LI	M7.0	62
LI.M7.1	T cell activation (I)	immune	Yes	http://www.interactivefigures.com/meni/btm416_annotation/btmdata/M7.1.htm	Li et al. 2013	LI	M7.1	50
LI.M7.2	enriched in NK cells (I)	immune	Yes	http://www.interactivefigures.com/meni/btm416_annotation/btmdata/M7.2.htm	Li et al. 2013	LI	M7.2	49
LI.M7.3	T cell activation (II)	immune	Yes	http://www.interactivefigures.com/meni/btm416_annotation/btmdata/M7.3.htm	Li et al. 2013	LI	M7.3	31
LI.M7.4	T cell activation (III)	immune	Yes	http://www.interactivefigures.com/meni/btm416_annotation/btmdata/M7.4.htm	Li et al. 2013	LI	M7.4	15
LI.M8	E2F transcription factor network	TF targets	Yes	http://www.interactivefigures.com/meni/btm416_annotation/btmdata/M8.htm	Li et al. 2013	LI	M8	18
LI.M9	B cell development	immune	Yes	http://www.interactivefigures.com/meni/btm416_annotation/btmdata/M9.htm	Li et al. 2013	LI	M9	11
LI.M10.0	E2F1 targets (Q3)	TF targets	Yes	http://www.interactivefigures.com/meni/btm416_annotation/btmdata/M10.0.htm	Li et al. 2013	LI	M10.0	33
LI.M10.1	E2F1 targets (Q4)	TF targets	Yes	http://www.interactivefigures.com/meni/btm416_annotation/btmdata/M10.1.htm	Li et al. 2013	LI	M10.1	21
LI.M11.0	enriched in monocytes (II)	immune	Yes	http://www.interactivefigures.com/meni/btm416_annotation/btmdata/M11.0.htm	Li et al. 2013	LI	M11.0	189
LI.M11.1	blood coagulation	biological process	Yes	http://www.interactivefigures.com/meni/btm416_annotation/btmdata/M11.1.htm	Li et al. 2013	LI	M11.1	22
LI.M11.2	formyl peptide receptor mediated neutrophil response	signaling	Yes	http://www.interactivefigures.com/meni/btm416_annotation/btmdata/M11.2.htm	Li et al. 2013	LI	M11.2	10
LI.M12	CD28 costimulation	immune	Yes	http://www.interactivefigures.com/meni/btm416_annotation/btmdata/M12.htm	Li et al. 2013	LI	M12	11
LI.M13	innate activation by cytosolic DNA sensing	immune	Yes	http://www.interactivefigures.com/meni/btm416_annotation/btmdata/M13.htm	Li et al. 2013	LI	M13	11
LI.M14	T cell differentiation	immune	Yes	http://www.interactivefigures.com/meni/btm416_annotation/btmdata/M14.htm	Li et al. 2013	LI	M14	12
LI.M15	Ran mediated mitosis	signaling	Yes	http://www.interactivefigures.com/meni/btm416_annotation/btmdata/M15.htm	Li et al. 2013	LI	M15	13
LI.M16	TLR and inflammatory signaling	immune	Yes	http://www.interactivefigures.com/meni/btm416_annotation/btmdata/M16.htm	Li et al. 2013	LI	M16	46
LI.M17.0	Hox cluster I	molecular function	Yes	http://www.interactivefigures.com/meni/btm416_annotation/btmdata/M17.0.htm	Li et al. 2013	LI	M17.0	16
LI.M17.1	Hox cluster II	molecular function	Yes	http://www.interactivefigures.com/meni/btm416_annotation/btmdata/M17.1.htm	Li et al. 2013	LI	M17.1	12
LI.M17.2	Hox cluster III	molecular function	Yes	http://www.interactivefigures.com/meni/btm416_annotation/btmdata/M17.2.htm	Li et al. 2013	LI	M17.2	12
LI.M17.3	Hox cluster IV	molecular function	Yes	http://www.interactivefigures.com/meni/btm416_annotation/btmdata/M17.3.htm	Li et al. 2013	LI	M17.3	10
LI.M18	T cell differentiation via ITK and PKC	immune	Yes	http://www.interactivefigures.com/meni/btm416_annotation/btmdata/M18.htm	Li et al. 2013	LI	M18	11
LI.M19	T cell differentiation (Th2)	immune	Yes	http://www.interactivefigures.com/meni/btm416_annotation/btmdata/M19.htm	Li et al. 2013	LI	M19	17
LI.M20	AP-1 transcription factor network	TF targets	Yes	http://www.interactivefigures.com/meni/btm416_annotation/btmdata/M20.htm	Li et al. 2013	LI	M20	15
LI.M21	cell adhesion (lymphocyte homing)	molecular function	Yes	http://www.interactivefigures.com/meni/btm416_annotation/btmdata/M21.htm	Li et al. 2013	LI	M21	10
LI.M22.0	mismatch repair (I)	biological process	Yes	http://www.interactivefigures.com/meni/btm416_annotation/btmdata/M22.0.htm	Li et al. 2013	LI	M22.0	27
LI.M22.1	mismatch repair (II)	biological process	Yes	http://www.interactivefigures.com/meni/btm416_annotation/btmdata/M22.1.htm	Li et al. 2013	LI	M22.1	13
LI.M23	RA, WNT, CSF receptors network (monocyte)	immune	Yes	http://www.interactivefigures.com/meni/btm416_annotation/btmdata/M23.htm	Li et al. 2013	LI	M23	12
LI.M24	cell activation (IL15, IL23, TNF)	immune	Yes	http://www.interactivefigures.com/meni/btm416_annotation/btmdata/M24.htm	Li et al. 2013	LI	M24	15
LI.M25	TLR8-BAFF network	immune	Yes	http://www.interactivefigures.com/meni/btm416_annotation/btmdata/M25.htm	Li et al. 2013	LI	M25	10
LI.M26.0	TBA		No	http://www.interactivefigures.com/meni/btm416_annotation/btmdata/M26.0.htm	Li et al. 2013	LI	M26.0	31
LI.M26.1	TBA		No	http://www.interactivefigures.com/meni/btm416_annotation/btmdata/M26.1.htm	Li et al. 2013	LI	M26.1	23
LI.M26.2	TBA		No	http://www.interactivefigures.com/meni/btm416_annotation/btmdata/M26.2.htm	Li et al. 2013	LI	M26.2	15
LI.M27.0	chemokine cluster (I)	immune	Yes	http://www.interactivefigures.com/meni/btm416_annotation/btmdata/M27.0.htm	Li et al. 2013	LI	M27.0	26
LI.M27.1	chemokine cluster (II)	immune	Yes	http://www.interactivefigures.com/meni/btm416_annotation/btmdata/M27.1.htm	Li et al. 2013	LI	M27.1	15
LI.M28	antigen presentation (lipids and proteins)	immune	Yes	http://www.interactivefigures.com/meni/btm416_annotation/btmdata/M28.htm	Li et al. 2013	LI	M28	11
LI.M29	proinflammatory cytokines and chemokines	immune	Yes	http://www.interactivefigures.com/meni/btm416_annotation/btmdata/M29.htm	Li et al. 2013	LI	M29	12
LI.M30	cell movement, Adhesion & Platelet activation	biological process	Yes	http://www.interactivefigures.com/meni/btm416_annotation/btmdata/M30.htm	Li et al. 2013	LI	M30	20
LI.M31	cell cycle and growth arrest	biological process	Yes	http://www.interactivefigures.com/meni/btm416_annotation/btmdata/M31.htm	Li et al. 2013	LI	M31	12
LI.M32.0	platelet activation (I)	biological process	Yes	http://www.interactivefigures.com/meni/btm416_annotation/btmdata/M32.0.htm	Li et al. 2013	LI	M32.0	23
LI.M32.1	platelet activation (II)	biological process	Yes	http://www.interactivefigures.com/meni/btm416_annotation/btmdata/M32.1.htm	Li et al. 2013	LI	M32.1	21
LI.M32.2	CORO1A-DEF6 network (I)	immune	Yes	http://www.interactivefigures.com/meni/btm416_annotation/btmdata/M32.2.htm	Li et al. 2013	LI	M32.2	20
LI.M32.3	KLF12 targets network	TF targets	Yes	http://www.interactivefigures.com/meni/btm416_annotation/btmdata/M32.3.htm	Li et al. 2013	LI	M32.3	17
LI.M32.4	CORO1A-DEF6 network (II)	immune	Yes	http://www.interactivefigures.com/meni/btm416_annotation/btmdata/M32.4.htm	Li et al. 2013	LI	M32.4	15
LI.M32.5	TBA		No	http://www.interactivefigures.com/meni/btm416_annotation/btmdata/M32.5.htm	Li et al. 2013	LI	M32.5	15
LI.M32.6	TBA		No	http://www.interactivefigures.com/meni/btm416_annotation/btmdata/M32.6.htm	Li et al. 2013	LI	M32.6	13
LI.M32.7	TBA		No	http://www.interactivefigures.com/meni/btm416_annotation/btmdata/M32.7.htm	Li et al. 2013	LI	M32.7	11
LI.M32.8	cytoskeletal remodeling	biological process	Yes	http://www.interactivefigures.com/meni/btm416_annotation/btmdata/M32.8.htm	Li et al. 2013	LI	M32.8	10
LI.M33	inflammatory response	immune	Yes	http://www.interactivefigures.com/meni/btm416_annotation/btmdata/M33.htm	Li et al. 2013	LI	M33	11
LI.M34	cytoskeletal remodeling (enriched for SRF targets)	biological process	Yes	http://www.interactivefigures.com/meni/btm416_annotation/btmdata/M34.htm	Li et al. 2013	LI	M34	10
LI.M35.0	signaling in T cells (I)	immune	Yes	http://www.interactivefigures.com/meni/btm416_annotation/btmdata/M35.0.htm	Li et al. 2013	LI	M35.0	14
LI.M35.1	signaling in T cells (II)	immune	Yes	http://www.interactivefigures.com/meni/btm416_annotation/btmdata/M35.1.htm	Li et al. 2013	LI	M35.1	11
LI.M36	T cell surface, activation	immune	Yes	http://www.interactivefigures.com/meni/btm416_annotation/btmdata/M36.htm	Li et al. 2013	LI	M36	12
LI.M37.0	immune activation - generic cluster	immune	Yes	http://www.interactivefigures.com/meni/btm416_annotation/btmdata/M37.0.htm	Li et al. 2013	LI	M37.0	347
LI.M37.1	enriched in neutrophils (I)	immune	Yes	http://www.interactivefigures.com/meni/btm416_annotation/btmdata/M37.1.htm	Li et al. 2013	LI	M37.1	52
LI.M37.2	endoplasmic reticulum	location	Yes	http://www.interactivefigures.com/meni/btm416_annotation/btmdata/M37.2.htm	Li et al. 2013	LI	M37.2	19
LI.M37.3	cell division	biological process	Yes	http://www.interactivefigures.com/meni/btm416_annotation/btmdata/M37.3.htm	Li et al. 2013	LI	M37.3	10
LI.M38	chemokines and receptors	immune	Yes	http://www.interactivefigures.com/meni/btm416_annotation/btmdata/M38.htm	Li et al. 2013	LI	M38	11
LI.M39	integrin mediated leukocyte migration	biological process	Yes	http://www.interactivefigures.com/meni/btm416_annotation/btmdata/M39.htm	Li et al. 2013	LI	M39	10
LI.M40	complement and other receptors in DCs	immune	Yes	http://www.interactivefigures.com/meni/btm416_annotation/btmdata/M40.htm	Li et al. 2013	LI	M40	13
LI.M41.0	TBA		No	http://www.interactivefigures.com/meni/btm416_annotation/btmdata/M41.0.htm	Li et al. 2013	LI	M41.0	17
LI.M41.1	TBA		No	http://www.interactivefigures.com/meni/btm416_annotation/btmdata/M41.1.htm	Li et al. 2013	LI	M41.1	15
LI.M41.2	TBA		No	http://www.interactivefigures.com/meni/btm416_annotation/btmdata/M41.2.htm	Li et al. 2013	LI	M41.2	14
LI.M41.3	TBA		No	http://www.interactivefigures.com/meni/btm416_annotation/btmdata/M41.3.htm	Li et al. 2013	LI	M41.3	10
LI.M41.4	ATF targets network	TF targets	Yes	http://www.interactivefigures.com/meni/btm416_annotation/btmdata/M41.4.htm	Li et al. 2013	LI	M41.4	10
LI.M42	platelet activation (III)	biological process	Yes	http://www.interactivefigures.com/meni/btm416_annotation/btmdata/M42.htm	Li et al. 2013	LI	M42	10
LI.M43.0	myeloid, dendritic cell activation via NFkB (I)	immune	Yes	http://www.interactivefigures.com/meni/btm416_annotation/btmdata/M43.0.htm	Li et al. 2013	LI	M43.0	15
LI.M43.1	myeloid, dendritic cell activation via NFkB (II)	immune	Yes	http://www.interactivefigures.com/meni/btm416_annotation/btmdata/M43.1.htm	Li et al. 2013	LI	M43.1	14
LI.M44	T cell signaling and costimulation	immune	Yes	http://www.interactivefigures.com/meni/btm416_annotation/btmdata/M44.htm	Li et al. 2013	LI	M44	10
LI.M45	leukocyte activation and migration	biological process	Yes	http://www.interactivefigures.com/meni/btm416_annotation/btmdata/M45.htm	Li et al. 2013	LI	M45	11
LI.M46	cell division stimulated CD4+ T cells	biological process	Yes	http://www.interactivefigures.com/meni/btm416_annotation/btmdata/M46.htm	Li et al. 2013	LI	M46	28
LI.M47.0	enriched in B cells (I)	immune	Yes	http://www.interactivefigures.com/meni/btm416_annotation/btmdata/M47.0.htm	Li et al. 2013	LI	M47.0	53
LI.M47.1	enriched in B cells (II)	immune	Yes	http://www.interactivefigures.com/meni/btm416_annotation/btmdata/M47.1.htm	Li et al. 2013	LI	M47.1	42
LI.M47.2	enriched in B cells (III)	immune	Yes	http://www.interactivefigures.com/meni/btm416_annotation/btmdata/M47.2.htm	Li et al. 2013	LI	M47.2	36
LI.M47.3	enriched in B cells (IV)	immune	Yes	http://www.interactivefigures.com/meni/btm416_annotation/btmdata/M47.3.htm	Li et al. 2013	LI	M47.3	16
LI.M47.4	enriched in B cells (V)	immune	Yes	http://www.interactivefigures.com/meni/btm416_annotation/btmdata/M47.4.htm	Li et al. 2013	LI	M47.4	11
LI.M48	TBA		No	http://www.interactivefigures.com/meni/btm416_annotation/btmdata/M48.htm	Li et al. 2013	LI	M48	13
LI.M49	transcription regulation in cell development	biological process	Yes	http://www.interactivefigures.com/meni/btm416_annotation/btmdata/M49.htm	Li et al. 2013	LI	M49	47
LI.M50	CD1 and other DC receptors	immune	Yes	http://www.interactivefigures.com/meni/btm416_annotation/btmdata/M50.htm	Li et al. 2013	LI	M50	10
LI.M51	cell adhesion	molecular function	Yes	http://www.interactivefigures.com/meni/btm416_annotation/btmdata/M51.htm	Li et al. 2013	LI	M51	38
LI.M52	T cell activation (IV)	immune	Yes	http://www.interactivefigures.com/meni/btm416_annotation/btmdata/M52.htm	Li et al. 2013	LI	M52	13
LI.M53	inflammasome receptors and signaling	immune	Yes	http://www.interactivefigures.com/meni/btm416_annotation/btmdata/M53.htm	Li et al. 2013	LI	M53	12
LI.M54	BCR signaling	immune	Yes	http://www.interactivefigures.com/meni/btm416_annotation/btmdata/M54.htm	Li et al. 2013	LI	M54	12
LI.M55	TBA		No	http://www.interactivefigures.com/meni/btm416_annotation/btmdata/M55.htm	Li et al. 2013	LI	M55	12
LI.M56	suppression of MAPK signaling	signaling	Yes	http://www.interactivefigures.com/meni/btm416_annotation/btmdata/M56.htm	Li et al. 2013	LI	M56	12
LI.M57	immuregulation - monocytes, T and B cells	immune	Yes	http://www.interactivefigures.com/meni/btm416_annotation/btmdata/M57.htm	Li et al. 2013	LI	M57	13
LI.M58	B cell development/activation	immune	Yes	http://www.interactivefigures.com/meni/btm416_annotation/btmdata/M58.htm	Li et al. 2013	LI	M58	11
LI.M59	CCR1, 7 and cell signaling	immune	Yes	http://www.interactivefigures.com/meni/btm416_annotation/btmdata/M59.htm	Li et al. 2013	LI	M59	10
LI.M60	lymphocyte generic cluster	immune	Yes	http://www.interactivefigures.com/meni/btm416_annotation/btmdata/M60.htm	Li et al. 2013	LI	M60	17
LI.M61.0	enriched in NK cells (II)	immune	Yes	http://www.interactivefigures.com/meni/btm416_annotation/btmdata/M61.0.htm	Li et al. 2013	LI	M61.0	24
LI.M61.1	enriched in NK cells (KIR cluster)	immune	Yes	http://www.interactivefigures.com/meni/btm416_annotation/btmdata/M61.1.htm	Li et al. 2013	LI	M61.1	13
LI.M61.2	enriched in NK cells (receptor activation)	immune	Yes	http://www.interactivefigures.com/meni/btm416_annotation/btmdata/M61.2.htm	Li et al. 2013	LI	M61.2	16
LI.M62.0	T & B cell development, activation	immune	Yes	http://www.interactivefigures.com/meni/btm416_annotation/btmdata/M62.0.htm	Li et al. 2013	LI	M62.0	44
LI.M62.1	enriched for unknown TF motif CTCNANGTGNY	TF targets	Yes	http://www.interactivefigures.com/meni/btm416_annotation/btmdata/M62.1.htm	Li et al. 2013	LI	M62.1	12
LI.M63	regulation of localization (GO)	biological process	Yes	http://www.interactivefigures.com/meni/btm416_annotation/btmdata/M63.htm	Li et al. 2013	LI	M63	12
LI.M64	enriched in activated dendritic cells/monocytes	immune	Yes	http://www.interactivefigures.com/meni/btm416_annotation/btmdata/M64.htm	Li et al. 2013	LI	M64	17
LI.M65	IL2, IL7, TCR network	immune	Yes	http://www.interactivefigures.com/meni/btm416_annotation/btmdata/M65.htm	Li et al. 2013	LI	M65	14
LI.M66	TBA		No	http://www.interactivefigures.com/meni/btm416_annotation/btmdata/M66.htm	Li et al. 2013	LI	M66	17
LI.M67	activated dendritic cells	immune	Yes	http://www.interactivefigures.com/meni/btm416_annotation/btmdata/M67.htm	Li et al. 2013	LI	M67	12
LI.M68	RIG-1 like receptor signaling	immune	Yes	http://www.interactivefigures.com/meni/btm416_annotation/btmdata/M68.htm	Li et al. 2013	LI	M68	10
LI.M69	enriched in B cells (VI)	immune	Yes	http://www.interactivefigures.com/meni/btm416_annotation/btmdata/M69.htm	Li et al. 2013	LI	M69	20
LI.M70.0	TBA		No	http://www.interactivefigures.com/meni/btm416_annotation/btmdata/M70.0.htm	Li et al. 2013	LI	M70.0	23
LI.M70.1	TBA		No	http://www.interactivefigures.com/meni/btm416_annotation/btmdata/M70.1.htm	Li et al. 2013	LI	M70.1	10
LI.M71	enriched in antigen presentation (I)	immune	Yes	http://www.interactivefigures.com/meni/btm416_annotation/btmdata/M71.htm	Li et al. 2013	LI	M71	18
LI.M72.0	TBA		No	http://www.interactivefigures.com/meni/btm416_annotation/btmdata/M72.0.htm	Li et al. 2013	LI	M72.0	24
LI.M72.1	TBA		No	http://www.interactivefigures.com/meni/btm416_annotation/btmdata/M72.1.htm	Li et al. 2013	LI	M72.1	17
LI.M72.2	TBA		No	http://www.interactivefigures.com/meni/btm416_annotation/btmdata/M72.2.htm	Li et al. 2013	LI	M72.2	12
LI.M73	enriched in monocytes (III)	immune	Yes	http://www.interactivefigures.com/meni/btm416_annotation/btmdata/M73.htm	Li et al. 2013	LI	M73	12
LI.M74	transcriptional targets of glucocorticoid receptor	TF targets	Yes	http://www.interactivefigures.com/meni/btm416_annotation/btmdata/M74.htm	Li et al. 2013	LI	M74	13
LI.M75	antiviral IFN signature	immune	Yes	http://www.interactivefigures.com/meni/btm416_annotation/btmdata/M75.htm	Li et al. 2013	LI	M75	22
LI.M76	DNA repair	biological process	Yes	http://www.interactivefigures.com/meni/btm416_annotation/btmdata/M76.htm	Li et al. 2013	LI	M76	22
LI.M77	collagen, TGFB family et al	molecular function	Yes	http://www.interactivefigures.com/meni/btm416_annotation/btmdata/M77.htm	Li et al. 2013	LI	M77	35
LI.M78	myeloid cell cytokines, metallopeptidases and laminins	immune	Yes	http://www.interactivefigures.com/meni/btm416_annotation/btmdata/M78.htm	Li et al. 2013	LI	M78	11
LI.M79	TBA		No	http://www.interactivefigures.com/meni/btm416_annotation/btmdata/M79.htm	Li et al. 2013	LI	M79	10
LI.M80	TBA		No	http://www.interactivefigures.com/meni/btm416_annotation/btmdata/M80.htm	Li et al. 2013	LI	M80	20
LI.M81	enriched in myeloid cells and monocytes	immune	Yes	http://www.interactivefigures.com/meni/btm416_annotation/btmdata/M81.htm	Li et al. 2013	LI	M81	35
LI.M82	signal transduction, plasma membrane	signaling	Yes	http://www.interactivefigures.com/meni/btm416_annotation/btmdata/M82.htm	Li et al. 2013	LI	M82	13
LI.M83	enriched in naive and memory B cells	immune	Yes	http://www.interactivefigures.com/meni/btm416_annotation/btmdata/M83.htm	Li et al. 2013	LI	M83	10
LI.M84	integrins and cell adhesion	molecular function	Yes	http://www.interactivefigures.com/meni/btm416_annotation/btmdata/M84.htm	Li et al. 2013	LI	M84	10
LI.M85	platelet activation and degranulation	biological process	Yes	http://www.interactivefigures.com/meni/btm416_annotation/btmdata/M85.htm	Li et al. 2013	LI	M85	12
LI.M86.0	chemokines and inflammatory molecules in myeloid cells	immune	Yes	http://www.interactivefigures.com/meni/btm416_annotation/btmdata/M86.0.htm	Li et al. 2013	LI	M86.0	20
LI.M86.1	proinflammatory dendritic cell, myeloid cell response	immune	Yes	http://www.interactivefigures.com/meni/btm416_annotation/btmdata/M86.1.htm	Li et al. 2013	LI	M86.1	14
LI.M87	transmembrane transport (I)	molecular function	Yes	http://www.interactivefigures.com/meni/btm416_annotation/btmdata/M87.htm	Li et al. 2013	LI	M87	24
LI.M88.0	leukocyte migration	biological process	Yes	http://www.interactivefigures.com/meni/btm416_annotation/btmdata/M88.0.htm	Li et al. 2013	LI	M88.0	51
LI.M88.1	enriched in hepatocyte nuclear factors (I)	molecular function	Yes	http://www.interactivefigures.com/meni/btm416_annotation/btmdata/M88.1.htm	Li et al. 2013	LI	M88.1	13
LI.M88.2	enriched in hepatocyte nuclear factors (II)	molecular function	Yes	http://www.interactivefigures.com/meni/btm416_annotation/btmdata/M88.2.htm	Li et al. 2013	LI	M88.2	12
LI.M89.0	putative targets of PAX3	TF targets	Yes	http://www.interactivefigures.com/meni/btm416_annotation/btmdata/M89.0.htm	Li et al. 2013	LI	M89.0	16
LI.M89.1	putative targets of PAX3	TF targets	Yes	http://www.interactivefigures.com/meni/btm416_annotation/btmdata/M89.1.htm	Li et al. 2013	LI	M89.1	10
LI.M90	TBA		No	http://www.interactivefigures.com/meni/btm416_annotation/btmdata/M90.htm	Li et al. 2013	LI	M90	12
LI.M91	adhesion and migration, chemotaxis	biological process	Yes	http://www.interactivefigures.com/meni/btm416_annotation/btmdata/M91.htm	Li et al. 2013	LI	M91	13
LI.M92	lipid metabolism, endoplasmic reticulum	molecular function	Yes	http://www.interactivefigures.com/meni/btm416_annotation/btmdata/M92.htm	Li et al. 2013	LI	M92	10
LI.M93	TBA		No	http://www.interactivefigures.com/meni/btm416_annotation/btmdata/M93.htm	Li et al. 2013	LI	M93	10
LI.M94	growth factor induced, enriched in nuclear receptor subfamily 4	signaling	Yes	http://www.interactivefigures.com/meni/btm416_annotation/btmdata/M94.htm	Li et al. 2013	LI	M94	12
LI.M95.0	enriched in antigen presentation (II)	immune	Yes	http://www.interactivefigures.com/meni/btm416_annotation/btmdata/M95.0.htm	Li et al. 2013	LI	M95.0	24
LI.M95.1	enriched in antigen presentation (III)	immune	Yes	http://www.interactivefigures.com/meni/btm416_annotation/btmdata/M95.1.htm	Li et al. 2013	LI	M95.1	16
LI.M96	Hox cluster V	molecular function	Yes	http://www.interactivefigures.com/meni/btm416_annotation/btmdata/M96.htm	Li et al. 2013	LI	M96	10
LI.M97	enriched for SMAD2/3 signaling	signaling	Yes	http://www.interactivefigures.com/meni/btm416_annotation/btmdata/M97.htm	Li et al. 2013	LI	M97	10
LI.M98.0	TBA		No	http://www.interactivefigures.com/meni/btm416_annotation/btmdata/M98.0.htm	Li et al. 2013	LI	M98.0	18
LI.M98.1	TBA		No	http://www.interactivefigures.com/meni/btm416_annotation/btmdata/M98.1.htm	Li et al. 2013	LI	M98.1	10
LI.M99	TBA		No	http://www.interactivefigures.com/meni/btm416_annotation/btmdata/M99.htm	Li et al. 2013	LI	M99	10
LI.M100	MAPK, RAS signaling	signaling	Yes	http://www.interactivefigures.com/meni/btm416_annotation/btmdata/M100.htm	Li et al. 2013	LI	M100	10
LI.M101	phosphatidylinositol signaling system	signaling	Yes	http://www.interactivefigures.com/meni/btm416_annotation/btmdata/M101.htm	Li et al. 2013	LI	M101	14
LI.M102	TBA		No	http://www.interactivefigures.com/meni/btm416_annotation/btmdata/M102.htm	Li et al. 2013	LI	M102	12
LI.M103	cell cycle (III)	biological process	Yes	http://www.interactivefigures.com/meni/btm416_annotation/btmdata/M103.htm	Li et al. 2013	LI	M103	51
LI.M104	TBA		No	http://www.interactivefigures.com/meni/btm416_annotation/btmdata/M104.htm	Li et al. 2013	LI	M104	10
LI.M105	TBA		No	http://www.interactivefigures.com/meni/btm416_annotation/btmdata/M105.htm	Li et al. 2013	LI	M105	18
LI.M106.0	nuclear pore complex	molecular function	Yes	http://www.interactivefigures.com/meni/btm416_annotation/btmdata/M106.0.htm	Li et al. 2013	LI	M106.0	17
LI.M106.1	nuclear pore complex (mitosis)	molecular function	Yes	http://www.interactivefigures.com/meni/btm416_annotation/btmdata/M106.1.htm	Li et al. 2013	LI	M106.1	11
LI.M107	Hox cluster VI	molecular function	Yes	http://www.interactivefigures.com/meni/btm416_annotation/btmdata/M107.htm	Li et al. 2013	LI	M107	11
LI.M108	TBA		No	http://www.interactivefigures.com/meni/btm416_annotation/btmdata/M108.htm	Li et al. 2013	LI	M108	11
LI.M109	receptors, cell migration	molecular function	Yes	http://www.interactivefigures.com/meni/btm416_annotation/btmdata/M109.htm	Li et al. 2013	LI	M109	15
LI.M110	axon guidance	biological process	Yes	http://www.interactivefigures.com/meni/btm416_annotation/btmdata/M110.htm	Li et al. 2013	LI	M110	10
LI.M111.0	viral sensing & immunity; IRF2 targets network (I)	immune	Yes	http://www.interactivefigures.com/meni/btm416_annotation/btmdata/M111.0.htm	Li et al. 2013	LI	M111.0	17
LI.M111.1	viral sensing & immunity; IRF2 targets network (II)	immune	Yes	http://www.interactivefigures.com/meni/btm416_annotation/btmdata/M111.1.htm	Li et al. 2013	LI	M111.1	11
LI.M112.0	complement activation (I)	immune	Yes	http://www.interactivefigures.com/meni/btm416_annotation/btmdata/M112.0.htm	Li et al. 2013	LI	M112.0	17
LI.M112.1	complement activation (II)	immune	Yes	http://www.interactivefigures.com/meni/btm416_annotation/btmdata/M112.1.htm	Li et al. 2013	LI	M112.1	10
LI.M113	golgi membrane (I)	location	Yes	http://www.interactivefigures.com/meni/btm416_annotation/btmdata/M113.htm	Li et al. 2013	LI	M113	10
LI.M114.0	TBA		No	http://www.interactivefigures.com/meni/btm416_annotation/btmdata/M114.0.htm	Li et al. 2013	LI	M114.0	39
LI.M114.1	glycerophospholipid metabolism	molecular function	Yes	http://www.interactivefigures.com/meni/btm416_annotation/btmdata/M114.1.htm	Li et al. 2013	LI	M114.1	11
LI.M115	cytokines - recepters cluster	immune	Yes	http://www.interactivefigures.com/meni/btm416_annotation/btmdata/M115.htm	Li et al. 2013	LI	M115	11
LI.M116	TBA		No	http://www.interactivefigures.com/meni/btm416_annotation/btmdata/M116.htm	Li et al. 2013	LI	M116	13
LI.M117	cell adhesion (GO)	molecular function	Yes	http://www.interactivefigures.com/meni/btm416_annotation/btmdata/M117.htm	Li et al. 2013	LI	M117	21
LI.M118.0	enriched in monocytes (IV)	immune	Yes	http://www.interactivefigures.com/meni/btm416_annotation/btmdata/M118.0.htm	Li et al. 2013	LI	M118.0	57
LI.M118.1	enriched in monocytes (surface)	immune	Yes	http://www.interactivefigures.com/meni/btm416_annotation/btmdata/M118.1.htm	Li et al. 2013	LI	M118.1	17
LI.M119	enriched in activated dendritic cells (I)	immune	Yes	http://www.interactivefigures.com/meni/btm416_annotation/btmdata/M119.htm	Li et al. 2013	LI	M119	11
LI.M120	TBA		No	http://www.interactivefigures.com/meni/btm416_annotation/btmdata/M120.htm	Li et al. 2013	LI	M120	11
LI.M121	TBA		No	http://www.interactivefigures.com/meni/btm416_annotation/btmdata/M121.htm	Li et al. 2013	LI	M121	12
LI.M122	enriched for cell migration	biological process	Yes	http://www.interactivefigures.com/meni/btm416_annotation/btmdata/M122.htm	Li et al. 2013	LI	M122	11
LI.M123	enriched in B cell differentiation	immune	Yes	http://www.interactivefigures.com/meni/btm416_annotation/btmdata/M123.htm	Li et al. 2013	LI	M123	13
LI.M124	enriched in membrane proteins	location	Yes	http://www.interactivefigures.com/meni/btm416_annotation/btmdata/M124.htm	Li et al. 2013	LI	M124	19
LI.M125	TBA		No	http://www.interactivefigures.com/meni/btm416_annotation/btmdata/M125.htm	Li et al. 2013	LI	M125	11
LI.M126	double positive thymocytes	immune	Yes	http://www.interactivefigures.com/meni/btm416_annotation/btmdata/M126.htm	Li et al. 2013	LI	M126	14
LI.M127	type I interferon response	immune	Yes	http://www.interactivefigures.com/meni/btm416_annotation/btmdata/M127.htm	Li et al. 2013	LI	M127	12
LI.M128	TBA		No	http://www.interactivefigures.com/meni/btm416_annotation/btmdata/M128.htm	Li et al. 2013	LI	M128	12
LI.M129	inositol phosphate metabolism	molecular function	Yes	http://www.interactivefigures.com/meni/btm416_annotation/btmdata/M129.htm	Li et al. 2013	LI	M129	13
LI.M130	enriched in G-protein coupled receptors	molecular function	Yes	http://www.interactivefigures.com/meni/btm416_annotation/btmdata/M130.htm	Li et al. 2013	LI	M130	10
LI.M131	TBA		No	http://www.interactivefigures.com/meni/btm416_annotation/btmdata/M131.htm	Li et al. 2013	LI	M131	14
LI.M132	recruitment of neutrophils	immune	Yes	http://www.interactivefigures.com/meni/btm416_annotation/btmdata/M132.htm	Li et al. 2013	LI	M132	11
LI.M133.0	cell adhesion, membrane	molecular function	Yes	http://www.interactivefigures.com/meni/btm416_annotation/btmdata/M133.0.htm	Li et al. 2013	LI	M133.0	14
LI.M133.1	cell cell adhesion	molecular function	Yes	http://www.interactivefigures.com/meni/btm416_annotation/btmdata/M133.1.htm	Li et al. 2013	LI	M133.1	11
LI.M134	Membrane, ER proteins	location	Yes	http://www.interactivefigures.com/meni/btm416_annotation/btmdata/M134.htm	Li et al. 2013	LI	M134	17
LI.M135.0	enriched in plasma membrane proteins (I)	location	Yes	http://www.interactivefigures.com/meni/btm416_annotation/btmdata/M135.0.htm	Li et al. 2013	LI	M135.0	17
LI.M135.1	enriched in plasma membrane proteins (II)	location	Yes	http://www.interactivefigures.com/meni/btm416_annotation/btmdata/M135.1.htm	Li et al. 2013	LI	M135.1	16
LI.M136	TBA		No	http://www.interactivefigures.com/meni/btm416_annotation/btmdata/M136.htm	Li et al. 2013	LI	M136	17
LI.M137	TBA		No	http://www.interactivefigures.com/meni/btm416_annotation/btmdata/M137.htm	Li et al. 2013	LI	M137	16
LI.M138	enriched for ubiquitination	molecular function	Yes	http://www.interactivefigures.com/meni/btm416_annotation/btmdata/M138.htm	Li et al. 2013	LI	M138	11
LI.M139	lysosomal/endosomal proteins	location	Yes	http://www.interactivefigures.com/meni/btm416_annotation/btmdata/M139.htm	Li et al. 2013	LI	M139	11
LI.M140	extracellular matrix, complement	location	Yes	http://www.interactivefigures.com/meni/btm416_annotation/btmdata/M140.htm	Li et al. 2013	LI	M140	14
LI.M141	TBA		No	http://www.interactivefigures.com/meni/btm416_annotation/btmdata/M141.htm	Li et al. 2013	LI	M141	28
LI.M142	transmembrane and ion transporters (I)	molecular function	Yes	http://www.interactivefigures.com/meni/btm416_annotation/btmdata/M142.htm	Li et al. 2013	LI	M142	13
LI.M143	nuclear pore, transport; mRNA splicing, processing	molecular function	Yes	http://www.interactivefigures.com/meni/btm416_annotation/btmdata/M143.htm	Li et al. 2013	LI	M143	11
LI.M144	cell cycle, ATP binding	biological process	Yes	http://www.interactivefigures.com/meni/btm416_annotation/btmdata/M144.htm	Li et al. 2013	LI	M144	16
LI.M145.0	cytoskeleton/actin (SRF transcription targets)	molecular function	Yes	http://www.interactivefigures.com/meni/btm416_annotation/btmdata/M145.0.htm	Li et al. 2013	LI	M145.0	16
LI.M145.1	cytoskeleton/actin (SRF transcription targets)	molecular function	Yes	http://www.interactivefigures.com/meni/btm416_annotation/btmdata/M145.1.htm	Li et al. 2013	LI	M145.1	14
LI.M146	MHC-TLR7-TLR8 cluster	immune	Yes	http://www.interactivefigures.com/meni/btm416_annotation/btmdata/M146.htm	Li et al. 2013	LI	M146	17
LI.M147	intracellular transport	molecular function	Yes	http://www.interactivefigures.com/meni/btm416_annotation/btmdata/M147.htm	Li et al. 2013	LI	M147	17
LI.M148	TBA		No	http://www.interactivefigures.com/meni/btm416_annotation/btmdata/M148.htm	Li et al. 2013	LI	M148	11
LI.M149	TBA		No	http://www.interactivefigures.com/meni/btm416_annotation/btmdata/M149.htm	Li et al. 2013	LI	M149	10
LI.M150	innate antiviral response	immune	Yes	http://www.interactivefigures.com/meni/btm416_annotation/btmdata/M150.htm	Li et al. 2013	LI	M150	12
LI.M151	TBA		No	http://www.interactivefigures.com/meni/btm416_annotation/btmdata/M151.htm	Li et al. 2013	LI	M151	10
LI.M152.0	TBA (source: B cells)		No	http://www.interactivefigures.com/meni/btm416_annotation/btmdata/M152.0.htm	Li et al. 2013	LI	M152.0	25
LI.M152.1	TBA (source: naive B cells)		No	http://www.interactivefigures.com/meni/btm416_annotation/btmdata/M152.1.htm	Li et al. 2013	LI	M152.1	21
LI.M152.2	TBA (source: memory B cells)		No	http://www.interactivefigures.com/meni/btm416_annotation/btmdata/M152.2.htm	Li et al. 2013	LI	M152.2	18
LI.M153	TBA		No	http://www.interactivefigures.com/meni/btm416_annotation/btmdata/M153.htm	Li et al. 2013	LI	M153	16
LI.M154.0	amino acid metabolism and transport	molecular function	Yes	http://www.interactivefigures.com/meni/btm416_annotation/btmdata/M154.0.htm	Li et al. 2013	LI	M154.0	33
LI.M154.1	transmembrane transport (SLC cluster)	molecular function	Yes	http://www.interactivefigures.com/meni/btm416_annotation/btmdata/M154.1.htm	Li et al. 2013	LI	M154.1	17
LI.M155	G protein coupled receptors cluster	molecular function	Yes	http://www.interactivefigures.com/meni/btm416_annotation/btmdata/M155.htm	Li et al. 2013	LI	M155	10
LI.M156.0	plasma cells & B cells, immunoglobulins	immune	Yes	http://www.interactivefigures.com/meni/btm416_annotation/btmdata/M156.0.htm	Li et al. 2013	LI	M156.0	43
LI.M156.1	plasma cells, immunoglobulins	immune	Yes	http://www.interactivefigures.com/meni/btm416_annotation/btmdata/M156.1.htm	Li et al. 2013	LI	M156.1	36
LI.M157	enriched in NK cells (III)	immune	Yes	http://www.interactivefigures.com/meni/btm416_annotation/btmdata/M157.htm	Li et al. 2013	LI	M157	14
LI.M158.0	interferon alpha response (I)	immune	Yes	http://www.interactivefigures.com/meni/btm416_annotation/btmdata/M158.0.htm	Li et al. 2013	LI	M158.0	16
LI.M158.1	interferon alpha response (II)	immune	Yes	http://www.interactivefigures.com/meni/btm416_annotation/btmdata/M158.1.htm	Li et al. 2013	LI	M158.1	13
LI.M159	G protein mediated calcium signaling	signaling	Yes	http://www.interactivefigures.com/meni/btm416_annotation/btmdata/M159.htm	Li et al. 2013	LI	M159	10
LI.M160	leukocyte differentiation	biological process	Yes	http://www.interactivefigures.com/meni/btm416_annotation/btmdata/M160.htm	Li et al. 2013	LI	M160	16
LI.M161	TBA		No	http://www.interactivefigures.com/meni/btm416_annotation/btmdata/M161.htm	Li et al. 2013	LI	M161	14
LI.M162.0	plasma membrane, cell junction	location	Yes	http://www.interactivefigures.com/meni/btm416_annotation/btmdata/M162.0.htm	Li et al. 2013	LI	M162.0	18
LI.M162.1	cell junction	location	Yes	http://www.interactivefigures.com/meni/btm416_annotation/btmdata/M162.1.htm	Li et al. 2013	LI	M162.1	11
LI.M163	enriched in neutrophils (II)	immune	Yes	http://www.interactivefigures.com/meni/btm416_annotation/btmdata/M163.htm	Li et al. 2013	LI	M163	14
LI.M164	xenobiotic metabolism	molecular function	Yes	http://www.interactivefigures.com/meni/btm416_annotation/btmdata/M164.htm	Li et al. 2013	LI	M164	10
LI.M165	enriched in activated dendritic cells (II)	immune	Yes	http://www.interactivefigures.com/meni/btm416_annotation/btmdata/M165.htm	Li et al. 2013	LI	M165	35
LI.M166	TBA		No	http://www.interactivefigures.com/meni/btm416_annotation/btmdata/M166.htm	Li et al. 2013	LI	M166	18
LI.M167	enriched in cell cycle	biological process	Yes	http://www.interactivefigures.com/meni/btm416_annotation/btmdata/M167.htm	Li et al. 2013	LI	M167	15
LI.M168	enriched in dendritic cells	immune	Yes	http://www.interactivefigures.com/meni/btm416_annotation/btmdata/M168.htm	Li et al. 2013	LI	M168	19
LI.M169	mitosis (TF motif CCAATNNSNNNGCG)	biological process	Yes	http://www.interactivefigures.com/meni/btm416_annotation/btmdata/M169.htm	Li et al. 2013	LI	M169	16
LI.M170	TBA		No	http://www.interactivefigures.com/meni/btm416_annotation/btmdata/M170.htm	Li et al. 2013	LI	M170	12
LI.M171	heme biosynthesis (I)	biological process	Yes	http://www.interactivefigures.com/meni/btm416_annotation/btmdata/M171.htm	Li et al. 2013	LI	M171	11
LI.M172	enriched for TF motif TTCNRGNNNNTTC	TF targets	Yes	http://www.interactivefigures.com/meni/btm416_annotation/btmdata/M172.htm	Li et al. 2013	LI	M172	10
LI.M173	erythrocyte differentiation	biological process	Yes	http://www.interactivefigures.com/meni/btm416_annotation/btmdata/M173.htm	Li et al. 2013	LI	M173	14
LI.M174	TBA		No	http://www.interactivefigures.com/meni/btm416_annotation/btmdata/M174.htm	Li et al. 2013	LI	M174	24
LI.M175	cell development	biological process	Yes	http://www.interactivefigures.com/meni/btm416_annotation/btmdata/M175.htm	Li et al. 2013	LI	M175	13
LI.M176	TBA		No	http://www.interactivefigures.com/meni/btm416_annotation/btmdata/M176.htm	Li et al. 2013	LI	M176	10
LI.M177.0	TBA		No	http://www.interactivefigures.com/meni/btm416_annotation/btmdata/M177.0.htm	Li et al. 2013	LI	M177.0	35
LI.M177.1	TBA		No	http://www.interactivefigures.com/meni/btm416_annotation/btmdata/M177.1.htm	Li et al. 2013	LI	M177.1	15
LI.M178	enriched for promoter motif NATCACGTGAY (putative SREBF1 targets)	TF targets	Yes	http://www.interactivefigures.com/meni/btm416_annotation/btmdata/M178.htm	Li et al. 2013	LI	M178	10
LI.M179	enriched for TF motif PAX3	TF targets	Yes	http://www.interactivefigures.com/meni/btm416_annotation/btmdata/M179.htm	Li et al. 2013	LI	M179	10
LI.M180	TBA		No	http://www.interactivefigures.com/meni/btm416_annotation/btmdata/M180.htm	Li et al. 2013	LI	M180	11
LI.M181	nucleotide metabolism	molecular function	Yes	http://www.interactivefigures.com/meni/btm416_annotation/btmdata/M181.htm	Li et al. 2013	LI	M181	10
LI.M182	enriched in DNA interacting proteins	molecular function	Yes	http://www.interactivefigures.com/meni/btm416_annotation/btmdata/M182.htm	Li et al. 2013	LI	M182	16
LI.M183	TBA		No	http://www.interactivefigures.com/meni/btm416_annotation/btmdata/M183.htm	Li et al. 2013	LI	M183	10
LI.M184.0	TBA		No	http://www.interactivefigures.com/meni/btm416_annotation/btmdata/M184.0.htm	Li et al. 2013	LI	M184.0	18
LI.M184.1	TBA		No	http://www.interactivefigures.com/meni/btm416_annotation/btmdata/M184.1.htm	Li et al. 2013	LI	M184.1	11
LI.M185	TBA		No	http://www.interactivefigures.com/meni/btm416_annotation/btmdata/M185.htm	Li et al. 2013	LI	M185	14
LI.M186	TBA		No	http://www.interactivefigures.com/meni/btm416_annotation/btmdata/M186.htm	Li et al. 2013	LI	M186	12
LI.M187	metabolism in mitochondria, peroxisome	location	Yes	http://www.interactivefigures.com/meni/btm416_annotation/btmdata/M187.htm	Li et al. 2013	LI	M187	12
LI.M188	TBA		No	http://www.interactivefigures.com/meni/btm416_annotation/btmdata/M188.htm	Li et al. 2013	LI	M188	10
LI.M189	extracellular region cluster (GO)	location	Yes	http://www.interactivefigures.com/meni/btm416_annotation/btmdata/M189.htm	Li et al. 2013	LI	M189	16
LI.M190	TBA		No	http://www.interactivefigures.com/meni/btm416_annotation/btmdata/M190.htm	Li et al. 2013	LI	M190	11
LI.M191	transmembrane transport (II)	molecular function	Yes	http://www.interactivefigures.com/meni/btm416_annotation/btmdata/M191.htm	Li et al. 2013	LI	M191	18
LI.M192	TBA		No	http://www.interactivefigures.com/meni/btm416_annotation/btmdata/M192.htm	Li et al. 2013	LI	M192	12
LI.M193	TBA		No	http://www.interactivefigures.com/meni/btm416_annotation/btmdata/M193.htm	Li et al. 2013	LI	M193	11
LI.M194	TBA		No	http://www.interactivefigures.com/meni/btm416_annotation/btmdata/M194.htm	Li et al. 2013	LI	M194	14
LI.M195	muscle contraction, SRF targets	molecular function	Yes	http://www.interactivefigures.com/meni/btm416_annotation/btmdata/M195.htm	Li et al. 2013	LI	M195	12
LI.M196	platelet activation - actin binding	molecular function	Yes	http://www.interactivefigures.com/meni/btm416_annotation/btmdata/M196.htm	Li et al. 2013	LI	M196	17
LI.M197	TBA		No	http://www.interactivefigures.com/meni/btm416_annotation/btmdata/M197.htm	Li et al. 2013	LI	M197	14
LI.M198	TBA		No	http://www.interactivefigures.com/meni/btm416_annotation/btmdata/M198.htm	Li et al. 2013	LI	M198	12
LI.M199	platelet activation & blood coagulation	biological process	Yes	http://www.interactivefigures.com/meni/btm416_annotation/btmdata/M199.htm	Li et al. 2013	LI	M199	15
LI.M200	antigen processing and presentation	immune	Yes	http://www.interactivefigures.com/meni/btm416_annotation/btmdata/M200.htm	Li et al. 2013	LI	M200	11
LI.M201	TBA		No	http://www.interactivefigures.com/meni/btm416_annotation/btmdata/M201.htm	Li et al. 2013	LI	M201	19
LI.M202	enriched in extracellular matrix & associated proteins	location	Yes	http://www.interactivefigures.com/meni/btm416_annotation/btmdata/M202.htm	Li et al. 2013	LI	M202	12
LI.M203	TBA		No	http://www.interactivefigures.com/meni/btm416_annotation/btmdata/M203.htm	Li et al. 2013	LI	M203	13
LI.M204.0	chaperonin mediated protein folding (I)	biological process	Yes	http://www.interactivefigures.com/meni/btm416_annotation/btmdata/M204.0.htm	Li et al. 2013	LI	M204.0	14
LI.M204.1	chaperonin mediated protein folding (II)	biological process	Yes	http://www.interactivefigures.com/meni/btm416_annotation/btmdata/M204.1.htm	Li et al. 2013	LI	M204.1	10
LI.M205	TBA		No	http://www.interactivefigures.com/meni/btm416_annotation/btmdata/M205.htm	Li et al. 2013	LI	M205	11
LI.M206	Wnt signaling pathway	signaling	Yes	http://www.interactivefigures.com/meni/btm416_annotation/btmdata/M206.htm	Li et al. 2013	LI	M206	14
LI.M207	TBA		No	http://www.interactivefigures.com/meni/btm416_annotation/btmdata/M207.htm	Li et al. 2013	LI	M207	10
LI.M208	TBA		No	http://www.interactivefigures.com/meni/btm416_annotation/btmdata/M208.htm	Li et al. 2013	LI	M208	10
LI.M209	lysosome	location	Yes	http://www.interactivefigures.com/meni/btm416_annotation/btmdata/M209.htm	Li et al. 2013	LI	M209	10
LI.M210	extracellular matrix, collagen	location	Yes	http://www.interactivefigures.com/meni/btm416_annotation/btmdata/M210.htm	Li et al. 2013	LI	M210	32
LI.M211	TBA		No	http://www.interactivefigures.com/meni/btm416_annotation/btmdata/M211.htm	Li et al. 2013	LI	M211	11
LI.M212	purine nucleotide biosynthesis	molecular function	Yes	http://www.interactivefigures.com/meni/btm416_annotation/btmdata/M212.htm	Li et al. 2013	LI	M212	12
LI.M213	regulation of transcription, transcription factors	biological process	Yes	http://www.interactivefigures.com/meni/btm416_annotation/btmdata/M213.htm	Li et al. 2013	LI	M213	21
LI.M214	TBA		No	http://www.interactivefigures.com/meni/btm416_annotation/btmdata/M214.htm	Li et al. 2013	LI	M214	12
LI.M215	small GTPase mediated signal transduction	signaling	Yes	http://www.interactivefigures.com/meni/btm416_annotation/btmdata/M215.htm	Li et al. 2013	LI	M215	16
LI.M216	respiratory electron transport chain (mitochondrion)	location	Yes	http://www.interactivefigures.com/meni/btm416_annotation/btmdata/M216.htm	Li et al. 2013	LI	M216	12
LI.M217	TBA (source: B cells)		No	http://www.interactivefigures.com/meni/btm416_annotation/btmdata/M217.htm	Li et al. 2013	LI	M217	10
LI.M218	TBA		No	http://www.interactivefigures.com/meni/btm416_annotation/btmdata/M218.htm	Li et al. 2013	LI	M218	16
LI.M219	respiratory electron transport chain (mitochondrion)	location	Yes	http://www.interactivefigures.com/meni/btm416_annotation/btmdata/M219.htm	Li et al. 2013	LI	M219	18
LI.M220	TBA		No	http://www.interactivefigures.com/meni/btm416_annotation/btmdata/M220.htm	Li et al. 2013	LI	M220	10
LI.M221	TBA		No	http://www.interactivefigures.com/meni/btm416_annotation/btmdata/M221.htm	Li et al. 2013	LI	M221	20
LI.M222	heme biosynthesis (II)	biological process	Yes	http://www.interactivefigures.com/meni/btm416_annotation/btmdata/M222.htm	Li et al. 2013	LI	M222	13
LI.M223	enriched in T cells (II)	immune	Yes	http://www.interactivefigures.com/meni/btm416_annotation/btmdata/M223.htm	Li et al. 2013	LI	M223	13
LI.M224	transmembrane and ion transporters (II)	molecular function	Yes	http://www.interactivefigures.com/meni/btm416_annotation/btmdata/M224.htm	Li et al. 2013	LI	M224	11
LI.M225	metabolism of steroids	molecular function	Yes	http://www.interactivefigures.com/meni/btm416_annotation/btmdata/M225.htm	Li et al. 2013	LI	M225	10
LI.M226	proteasome	molecular function	Yes	http://www.interactivefigures.com/meni/btm416_annotation/btmdata/M226.htm	Li et al. 2013	LI	M226	12
LI.M227	translation initiation	biological process	Yes	http://www.interactivefigures.com/meni/btm416_annotation/btmdata/M227.htm	Li et al. 2013	LI	M227	10
LI.M228	olfactory receptors	molecular function	Yes	http://www.interactivefigures.com/meni/btm416_annotation/btmdata/M228.htm	Li et al. 2013	LI	M228	23
LI.M229	TBA		No	http://www.interactivefigures.com/meni/btm416_annotation/btmdata/M229.htm	Li et al. 2013	LI	M229	11
LI.M230	cell cycle, mitotic phase	biological process	Yes	http://www.interactivefigures.com/meni/btm416_annotation/btmdata/M230.htm	Li et al. 2013	LI	M230	12
LI.M231	respiratory electron transport chain (mitochondrion)	location	Yes	http://www.interactivefigures.com/meni/btm416_annotation/btmdata/M231.htm	Li et al. 2013	LI	M231	11
LI.M232	enriched for TF motif TNCATNTCCYR	TF targets	Yes	http://www.interactivefigures.com/meni/btm416_annotation/btmdata/M232.htm	Li et al. 2013	LI	M232	13
LI.M233	TBA		No	http://www.interactivefigures.com/meni/btm416_annotation/btmdata/M233.htm	Li et al. 2013	LI	M233	15
LI.M234	transcription elongation, RNA polymerase II	biological process	Yes	http://www.interactivefigures.com/meni/btm416_annotation/btmdata/M234.htm	Li et al. 2013	LI	M234	15
LI.M235	mitochondrial cluster	location	Yes	http://www.interactivefigures.com/meni/btm416_annotation/btmdata/M235.htm	Li et al. 2013	LI	M235	19
LI.M236	TBA		No	http://www.interactivefigures.com/meni/btm416_annotation/btmdata/M236.htm	Li et al. 2013	LI	M236	14
LI.M237	golgi membrane (II)	location	Yes	http://www.interactivefigures.com/meni/btm416_annotation/btmdata/M237.htm	Li et al. 2013	LI	M237	17
LI.M238	respiratory electron transport chain (mitochondrion)	location	Yes	http://www.interactivefigures.com/meni/btm416_annotation/btmdata/M238.htm	Li et al. 2013	LI	M238	17
LI.M239	enriched in calcium signaling proteins	signaling	Yes	http://www.interactivefigures.com/meni/btm416_annotation/btmdata/M239.htm	Li et al. 2013	LI	M239	15
LI.M240	chromosome Y linked	molecular function	Yes	http://www.interactivefigures.com/meni/btm416_annotation/btmdata/M240.htm	Li et al. 2013	LI	M240	16
LI.M241	TBA		No	http://www.interactivefigures.com/meni/btm416_annotation/btmdata/M241.htm	Li et al. 2013	LI	M241	10
LI.M242	TBA		No	http://www.interactivefigures.com/meni/btm416_annotation/btmdata/M242.htm	Li et al. 2013	LI	M242	11
LI.M243	TBA		No	http://www.interactivefigures.com/meni/btm416_annotation/btmdata/M243.htm	Li et al. 2013	LI	M243	12
LI.M244	TBA		No	http://www.interactivefigures.com/meni/btm416_annotation/btmdata/M244.htm	Li et al. 2013	LI	M244	13
LI.M245	translation initiation factor 3 complex	molecular function	Yes	http://www.interactivefigures.com/meni/btm416_annotation/btmdata/M245.htm	Li et al. 2013	LI	M245	14
LI.M246	TBA		No	http://www.interactivefigures.com/meni/btm416_annotation/btmdata/M246.htm	Li et al. 2013	LI	M246	16
LI.M247	enriched in nuclear pore complex interacting proteins	molecular function	Yes	http://www.interactivefigures.com/meni/btm416_annotation/btmdata/M247.htm	Li et al. 2013	LI	M247	14
LI.M248	TBA		No	http://www.interactivefigures.com/meni/btm416_annotation/btmdata/M248.htm	Li et al. 2013	LI	M248	11
LI.M249	TBA		No	http://www.interactivefigures.com/meni/btm416_annotation/btmdata/M249.htm	Li et al. 2013	LI	M249	10
LI.M250	spliceosome	molecular function	Yes	http://www.interactivefigures.com/meni/btm416_annotation/btmdata/M250.htm	Li et al. 2013	LI	M250	12
LI.S0	T cell surface signature	immune	Yes	http://www.interactivefigures.com/meni/btm416_annotation/btmdata/S0.htm	Li et al. 2013	LI	S0	27
LI.S1	NK cell surface signature	immune	Yes	http://www.interactivefigures.com/meni/btm416_annotation/btmdata/S1.htm	Li et al. 2013	LI	S1	48
LI.S2	B cell surface signature	immune	Yes	http://www.interactivefigures.com/meni/btm416_annotation/btmdata/S2.htm	Li et al. 2013	LI	S2	169
LI.S3	Plasma cell surface signature	immune	Yes	http://www.interactivefigures.com/meni/btm416_annotation/btmdata/S3.htm	Li et al. 2013	LI	S3	24
LI.S4	Monocyte surface signature	immune	Yes	http://www.interactivefigures.com/meni/btm416_annotation/btmdata/S4.htm	Li et al. 2013	LI	S4	94
LI.S5	DC surface signature	immune	Yes	http://www.interactivefigures.com/meni/btm416_annotation/btmdata/S5.htm	Li et al. 2013	LI	S5	82
LI.S6	CD4 T cell surface signature Th1-stimulated	immune	Yes	http://www.interactivefigures.com/meni/btm416_annotation/btmdata/S6.htm	Li et al. 2013	LI	S6	9
LI.S7	CD4 T cell surface signature Th2-stimulated	immune	Yes	http://www.interactivefigures.com/meni/btm416_annotation/btmdata/S7.htm	Li et al. 2013	LI	S7	13
LI.S8	Naive B cell surface signature	immune	Yes	http://www.interactivefigures.com/meni/btm416_annotation/btmdata/S8.htm	Li et al. 2013	LI	S8	54
LI.S9	Memory B cell surface signature	immune	Yes	http://www.interactivefigures.com/meni/btm416_annotation/btmdata/S9.htm	Li et al. 2013	LI	S9	37
LI.S10	Resting dendritic cell surface signature	immune	Yes	http://www.interactivefigures.com/meni/btm416_annotation/btmdata/S10.htm	Li et al. 2013	LI	S10	75
LI.S11	Activated (LPS) dendritic cell surface signature	immune	Yes	http://www.interactivefigures.com/meni/btm416_annotation/btmdata/S11.htm	Li et al. 2013	LI	S11	37
DC.M1.1	Platelets	DC.M1	Yes	http://www.biir.net/public_wikis/module_annotation/V2_Trial_8_Modules_M1.1	http://www.biir.net/	DC	M1.1	86
DC.M1.2	Interferon	DC.M1	Yes	http://www.biir.net/public_wikis/module_annotation/V2_Trial_8_Modules_M1.2	http://www.biir.net/	DC	M1.2	27
DC.M2.1	Undetermined	DC.M2	No	http://www.biir.net/public_wikis/module_annotation/V2_Trial_8_Modules_M2.1	http://www.biir.net/	DC	M2.1	96
DC.M2.2	Cell Cycle	DC.M2	Yes	http://www.biir.net/public_wikis/module_annotation/V2_Trial_8_Modules_M2.2	http://www.biir.net/	DC	M2.2	136
DC.M2.3	Erythrocytes	DC.M2	Yes	http://www.biir.net/public_wikis/module_annotation/V2_Trial_8_Modules_M2.3	http://www.biir.net/	DC	M2.3	71
DC.M3.1	Erythrocytes	DC.M3	Yes	http://www.biir.net/public_wikis/module_annotation/V2_Trial_8_Modules_M3.1	http://www.biir.net/	DC	M3.1	82
DC.M3.2	Inflammation	DC.M3	Yes	http://www.biir.net/public_wikis/module_annotation/V2_Trial_8_Modules_M3.2	http://www.biir.net/	DC	M3.2	138
DC.M3.3	Cell Cycle	DC.M3	Yes	http://www.biir.net/public_wikis/module_annotation/V2_Trial_8_Modules_M3.3	http://www.biir.net/	DC	M3.3	49
DC.M3.4	Interferon	DC.M3	Yes	http://www.biir.net/public_wikis/module_annotation/V2_Trial_8_Modules_M3.4	http://www.biir.net/	DC	M3.4	53
DC.M3.5	Cell Cycle	DC.M3	Yes	http://www.biir.net/public_wikis/module_annotation/V2_Trial_8_Modules_M3.5	http://www.biir.net/	DC	M3.5	149
DC.M3.6	Cytotoxic/NK Cell	DC.M3	Yes	http://www.biir.net/public_wikis/module_annotation/V2_Trial_8_Modules_M3.6	http://www.biir.net/	DC	M3.6	47
DC.M4.1	T cell	DC.M4	Yes	http://www.biir.net/public_wikis/module_annotation/V2_Trial_8_Modules_M4.1	http://www.biir.net/	DC	M4.1	58
DC.M4.2	Inflammation	DC.M4	Yes	http://www.biir.net/public_wikis/module_annotation/V2_Trial_8_Modules_M4.2	http://www.biir.net/	DC	M4.2	48
DC.M4.3	Protein Synthesis	DC.M4	Yes	http://www.biir.net/public_wikis/module_annotation/V2_Trial_8_Modules_M4.3	http://www.biir.net/	DC	M4.3	71
DC.M4.4	Undetermined	DC.M4	No	http://www.biir.net/public_wikis/module_annotation/V2_Trial_8_Modules_M4.4	http://www.biir.net/	DC	M4.4	77
DC.M4.5	Protein Synthesis	DC.M4	Yes	http://www.biir.net/public_wikis/module_annotation/V2_Trial_8_Modules_M4.5	http://www.biir.net/	DC	M4.5	89
DC.M4.6	Inflammation	DC.M4	Yes	http://www.biir.net/public_wikis/module_annotation/V2_Trial_8_Modules_M4.6	http://www.biir.net/	DC	M4.6	113
DC.M4.7	Cell Cycle	DC.M4	Yes	http://www.biir.net/public_wikis/module_annotation/V2_Trial_8_Modules_M4.7	http://www.biir.net/	DC	M4.7	100
DC.M4.8	Undetermined	DC.M4	No	http://www.biir.net/public_wikis/module_annotation/V2_Trial_8_Modules_M4.8	http://www.biir.net/	DC	M4.8	41
DC.M4.9	Undetermined	DC.M4	No	http://www.biir.net/public_wikis/module_annotation/V2_Trial_8_Modules_M4.9	http://www.biir.net/	DC	M4.9	94
DC.M4.10	B cell	DC.M4	Yes	http://www.biir.net/public_wikis/module_annotation/V2_Trial_8_Modules_M4.10	http://www.biir.net/	DC	M4.10	32
DC.M4.11	Plasma Cells	DC.M4	Yes	http://www.biir.net/public_wikis/module_annotation/V2_Trial_8_Modules_M4.11	http://www.biir.net/	DC	M4.11	18
DC.M4.12	Undetermined	DC.M4	No	http://www.biir.net/public_wikis/module_annotation/V2_Trial_8_Modules_M4.12	http://www.biir.net/	DC	M4.12	93
DC.M4.13	Inflammation	DC.M4	Yes	http://www.biir.net/public_wikis/module_annotation/V2_Trial_8_Modules_M4.13	http://www.biir.net/	DC	M4.13	79
DC.M4.14	Monocytes	DC.M4	Yes	http://www.biir.net/public_wikis/module_annotation/V2_Trial_8_Modules_M4.14	http://www.biir.net/	DC	M4.14	59
DC.M4.15	T cells	DC.M4	Yes	http://www.biir.net/public_wikis/module_annotation/V2_Trial_8_Modules_M4.15	http://www.biir.net/	DC	M4.15	42
DC.M4.16	Undetermined	DC.M4	No	http://www.biir.net/public_wikis/module_annotation/V2_Trial_8_Modules_M4.16	http://www.biir.net/	DC	M4.16	97
DC.M5.1	Inflammation	DC.M5	Yes	http://www.biir.net/public_wikis/module_annotation/V2_Trial_8_Modules_M5.1	http://www.biir.net/	DC	M5.1	238
DC.M5.2	Undetermined	DC.M5	No	http://www.biir.net/public_wikis/module_annotation/V2_Trial_8_Modules_M5.2	http://www.biir.net/	DC	M5.2	75
DC.M5.3	Undetermined	DC.M5	No	http://www.biir.net/public_wikis/module_annotation/V2_Trial_8_Modules_M5.3	http://www.biir.net/	DC	M5.3	97
DC.M5.4	Undetermined	DC.M5	No	http://www.biir.net/public_wikis/module_annotation/V2_Trial_8_Modules_M5.4	http://www.biir.net/	DC	M5.4	128
DC.M5.5	Undetermined	DC.M5	No	http://www.biir.net/public_wikis/module_annotation/V2_Trial_8_Modules_M5.5	http://www.biir.net/	DC	M5.5	245
DC.M5.6	Mitochondrial Stress / Proteasome	DC.M5	Yes	http://www.biir.net/public_wikis/module_annotation/V2_Trial_8_Modules_M5.6	http://www.biir.net/	DC	M5.6	141
DC.M5.7	Inflammation	DC.M5	Yes	http://www.biir.net/public_wikis/module_annotation/V2_Trial_8_Modules_M5.7	http://www.biir.net/	DC	M5.7	135
DC.M5.8	Undetermined	DC.M5	No	http://www.biir.net/public_wikis/module_annotation/V2_Trial_8_Modules_M5.8	http://www.biir.net/	DC	M5.8	111
DC.M5.9	Protein Synthesis	DC.M5	Yes	http://www.biir.net/public_wikis/module_annotation/V2_Trial_8_Modules_M5.9	http://www.biir.net/	DC	M5.9	84
DC.M5.10	Mitochondrial Respiration	DC.M5	Yes	http://www.biir.net/public_wikis/module_annotation/V2_Trial_8_Modules_M5.10	http://www.biir.net/	DC	M5.10	230
DC.M5.11	Undetermined	DC.M5	No	http://www.biir.net/public_wikis/module_annotation/V2_Trial_8_Modules_M5.11	http://www.biir.net/	DC	M5.11	64
DC.M5.12	Interferon	DC.M5	Yes	http://www.biir.net/public_wikis/module_annotation/V2_Trial_8_Modules_M5.12	http://www.biir.net/	DC	M5.12	59
DC.M5.13	Undetermined	DC.M5	No	http://www.biir.net/public_wikis/module_annotation/V2_Trial_8_Modules_M5.13	http://www.biir.net/	DC	M5.13	177
DC.M5.14	Undetermined	DC.M5	No	http://www.biir.net/public_wikis/module_annotation/V2_Trial_8_Modules_M5.14	http://www.biir.net/	DC	M5.14	60
DC.M5.15	Neutrophils	DC.M5	Yes	http://www.biir.net/public_wikis/module_annotation/V2_Trial_8_Modules_M5.15	http://www.biir.net/	DC	M5.15	23
DC.M6.1	Undetermined	DC.M6	No	http://www.biir.net/public_wikis/module_annotation/V2_Trial_8_Modules_M6.1	http://www.biir.net/	DC	M6.1	71
DC.M6.2	Mitochondrial Respiration	DC.M6	Yes	http://www.biir.net/public_wikis/module_annotation/V2_Trial_8_Modules_M6.2	http://www.biir.net/	DC	M6.2	156
DC.M6.3	Undetermined	DC.M6	No	http://www.biir.net/public_wikis/module_annotation/V2_Trial_8_Modules_M6.3	http://www.biir.net/	DC	M6.3	94
DC.M6.4	Undetermined	DC.M6	No	http://www.biir.net/public_wikis/module_annotation/V2_Trial_8_Modules_M6.4	http://www.biir.net/	DC	M6.4	100
DC.M6.5	Undetermined	DC.M6	No	http://www.biir.net/public_wikis/module_annotation/V2_Trial_8_Modules_M6.5	http://www.biir.net/	DC	M6.5	89
DC.M6.6	Apoptosis / Survival	DC.M6	Yes	http://www.biir.net/public_wikis/module_annotation/V2_Trial_8_Modules_M6.6	http://www.biir.net/	DC	M6.6	52
DC.M6.7	Undetermined	DC.M6	No	http://www.biir.net/public_wikis/module_annotation/V2_Trial_8_Modules_M6.7	http://www.biir.net/	DC	M6.7	77
DC.M6.8	Undetermined	DC.M6	No	http://www.biir.net/public_wikis/module_annotation/V2_Trial_8_Modules_M6.8	http://www.biir.net/	DC	M6.8	39
DC.M6.9	Undetermined	DC.M6	No	http://www.biir.net/public_wikis/module_annotation/V2_Trial_8_Modules_M6.9	http://www.biir.net/	DC	M6.9	39
DC.M6.10	Undetermined	DC.M6	No	http://www.biir.net/public_wikis/module_annotation/V2_Trial_8_Modules_M6.10	http://www.biir.net/	DC	M6.10	79
DC.M6.11	Cell Cycle	DC.M6	Yes	http://www.biir.net/public_wikis/module_annotation/V2_Trial_8_Modules_M6.11	http://www.biir.net/	DC	M6.11	20
DC.M6.12	Mitochondrial Stress	DC.M6	Yes	http://www.biir.net/public_wikis/module_annotation/V2_Trial_8_Modules_M6.12	http://www.biir.net/	DC	M6.12	71
DC.M6.13	Cell Death	DC.M6	Yes	http://www.biir.net/public_wikis/module_annotation/V2_Trial_8_Modules_M6.13	http://www.biir.net/	DC	M6.13	48
DC.M6.14	Undetermined	DC.M6	No	http://www.biir.net/public_wikis/module_annotation/V2_Trial_8_Modules_M6.14	http://www.biir.net/	DC	M6.14	37
DC.M6.15	Undetermined	DC.M6	No	http://www.biir.net/public_wikis/module_annotation/V2_Trial_8_Modules_M6.15	http://www.biir.net/	DC	M6.15	33
DC.M6.16	Cell Cycle	DC.M6	Yes	http://www.biir.net/public_wikis/module_annotation/V2_Trial_8_Modules_M6.16	http://www.biir.net/	DC	M6.16	31
DC.M6.17	Undetermined	DC.M6	No	http://www.biir.net/public_wikis/module_annotation/V2_Trial_8_Modules_M6.17	http://www.biir.net/	DC	M6.17	58
DC.M6.18	Erythrocytes	DC.M6	Yes	http://www.biir.net/public_wikis/module_annotation/V2_Trial_8_Modules_M6.18	http://www.biir.net/	DC	M6.18	18
DC.M6.19	Undetermined	DC.M6	No	http://www.biir.net/public_wikis/module_annotation/V2_Trial_8_Modules_M6.19	http://www.biir.net/	DC	M6.19	28
DC.M6.20	Undetermined	DC.M6	No	http://www.biir.net/public_wikis/module_annotation/V2_Trial_8_Modules_M6.20	http://www.biir.net/	DC	M6.20	50
DC.M7.1	Inflammation	DC.M7	Yes	http://www.biir.net/public_wikis/module_annotation/V2_Trial_8_Modules_M7.1	http://www.biir.net/	DC	M7.1	180
DC.M7.2	Undetermined	DC.M7	No	http://www.biir.net/public_wikis/module_annotation/V2_Trial_8_Modules_M7.2	http://www.biir.net/	DC	M7.2	100
DC.M7.3	Undetermined	DC.M7	No	http://www.biir.net/public_wikis/module_annotation/V2_Trial_8_Modules_M7.3	http://www.biir.net/	DC	M7.3	169
DC.M7.4	Undetermined	DC.M7	No	http://www.biir.net/public_wikis/module_annotation/V2_Trial_8_Modules_M7.4	http://www.biir.net/	DC	M7.4	139
DC.M7.5	Undetermined	DC.M7	No	http://www.biir.net/public_wikis/module_annotation/V2_Trial_8_Modules_M7.5	http://www.biir.net/	DC	M7.5	153
DC.M7.6	Undetermined	DC.M7	No	http://www.biir.net/public_wikis/module_annotation/V2_Trial_8_Modules_M7.6	http://www.biir.net/	DC	M7.6	102
DC.M7.7	Undetermined	DC.M7	No	http://www.biir.net/public_wikis/module_annotation/V2_Trial_8_Modules_M7.7	http://www.biir.net/	DC	M7.7	114
DC.M7.8	Undetermined	DC.M7	No	http://www.biir.net/public_wikis/module_annotation/V2_Trial_8_Modules_M7.8	http://www.biir.net/	DC	M7.8	111
DC.M7.9	Undetermined	DC.M7	No	http://www.biir.net/public_wikis/module_annotation/V2_Trial_8_Modules_M7.9	http://www.biir.net/	DC	M7.9	164
DC.M7.10	Undetermined	DC.M7	No	http://www.biir.net/public_wikis/module_annotation/V2_Trial_8_Modules_M7.10	http://www.biir.net/	DC	M7.10	106
DC.M7.11	Undetermined	DC.M7	No	http://www.biir.net/public_wikis/module_annotation/V2_Trial_8_Modules_M7.11	http://www.biir.net/	DC	M7.11	128
DC.M7.12	Undetermined	DC.M7	No	http://www.biir.net/public_wikis/module_annotation/V2_Trial_8_Modules_M7.12	http://www.biir.net/	DC	M7.12	114
DC.M7.13	Undetermined	DC.M7	No	http://www.biir.net/public_wikis/module_annotation/V2_Trial_8_Modules_M7.13	http://www.biir.net/	DC	M7.13	79
DC.M7.14	Undetermined	DC.M7	No	http://www.biir.net/public_wikis/module_annotation/V2_Trial_8_Modules_M7.14	http://www.biir.net/	DC	M7.14	48
DC.M7.15	Undetermined	DC.M7	No	http://www.biir.net/public_wikis/module_annotation/V2_Trial_8_Modules_M7.15	http://www.biir.net/	DC	M7.15	89
DC.M7.16	Undetermined	DC.M7	No	http://www.biir.net/public_wikis/module_annotation/V2_Trial_8_Modules_M7.16	http://www.biir.net/	DC	M7.16	61
DC.M7.17	Undetermined	DC.M7	No	http://www.biir.net/public_wikis/module_annotation/V2_Trial_8_Modules_M7.17	http://www.biir.net/	DC	M7.17	89
DC.M7.18	Undetermined	DC.M7	No	http://www.biir.net/public_wikis/module_annotation/V2_Trial_8_Modules_M7.18	http://www.biir.net/	DC	M7.18	69
DC.M7.19	Undetermined	DC.M7	No	http://www.biir.net/public_wikis/module_annotation/V2_Trial_8_Modules_M7.19	http://www.biir.net/	DC	M7.19	96
DC.M7.20	Undetermined	DC.M7	No	http://www.biir.net/public_wikis/module_annotation/V2_Trial_8_Modules_M7.20	http://www.biir.net/	DC	M7.20	48
DC.M7.21	Undetermined	DC.M7	No	http://www.biir.net/public_wikis/module_annotation/V2_Trial_8_Modules_M7.21	http://www.biir.net/	DC	M7.21	85
DC.M7.22	Undetermined	DC.M7	No	http://www.biir.net/public_wikis/module_annotation/V2_Trial_8_Modules_M7.22	http://www.biir.net/	DC	M7.22	52
DC.M7.23	Undetermined	DC.M7	No	http://www.biir.net/public_wikis/module_annotation/V2_Trial_8_Modules_M7.23	http://www.biir.net/	DC	M7.23	69
DC.M7.24	Undetermined	DC.M7	No	http://www.biir.net/public_wikis/module_annotation/V2_Trial_8_Modules_M7.24	http://www.biir.net/	DC	M7.24	74
DC.M7.25	Undetermined	DC.M7	No	http://www.biir.net/public_wikis/module_annotation/V2_Trial_8_Modules_M7.25	http://www.biir.net/	DC	M7.25	102
DC.M7.26	Undetermined	DC.M7	No	http://www.biir.net/public_wikis/module_annotation/V2_Trial_8_Modules_M7.26	http://www.biir.net/	DC	M7.26	73
DC.M7.27	Undetermined	DC.M7	No	http://www.biir.net/public_wikis/module_annotation/V2_Trial_8_Modules_M7.27	http://www.biir.net/	DC	M7.27	34
DC.M7.28	Undetermined	DC.M7	No	http://www.biir.net/public_wikis/module_annotation/V2_Trial_8_Modules_M7.28	http://www.biir.net/	DC	M7.28	69
DC.M7.29	Undetermined	DC.M7	No	http://www.biir.net/public_wikis/module_annotation/V2_Trial_8_Modules_M7.29	http://www.biir.net/	DC	M7.29	52
DC.M7.30	Undetermined	DC.M7	No	http://www.biir.net/public_wikis/module_annotation/V2_Trial_8_Modules_M7.30	http://www.biir.net/	DC	M7.30	71
DC.M7.31	Undetermined	DC.M7	No	http://www.biir.net/public_wikis/module_annotation/V2_Trial_8_Modules_M7.31	http://www.biir.net/	DC	M7.31	34
DC.M7.32	Undetermined	DC.M7	No	http://www.biir.net/public_wikis/module_annotation/V2_Trial_8_Modules_M7.32	http://www.biir.net/	DC	M7.32	14
DC.M7.33	Undetermined	DC.M7	No	http://www.biir.net/public_wikis/module_annotation/V2_Trial_8_Modules_M7.33	http://www.biir.net/	DC	M7.33	54
DC.M7.34	Undetermined	DC.M7	No	http://www.biir.net/public_wikis/module_annotation/V2_Trial_8_Modules_M7.34	http://www.biir.net/	DC	M7.34	53
DC.M7.35	Undetermined	DC.M7	No	http://www.biir.net/public_wikis/module_annotation/V2_Trial_8_Modules_M7.35	http://www.biir.net/	DC	M7.35	27
DC.M8.1	Undetermined	DC.M8	No	http://www.biir.net/public_wikis/module_annotation/V2_Trial_8_Modules_M8.1	http://www.biir.net/	DC	M8.1	56
DC.M8.2	Undetermined	DC.M8	No	http://www.biir.net/public_wikis/module_annotation/V2_Trial_8_Modules_M8.2	http://www.biir.net/	DC	M8.2	50
DC.M8.3	Undetermined	DC.M8	No	http://www.biir.net/public_wikis/module_annotation/V2_Trial_8_Modules_M8.3	http://www.biir.net/	DC	M8.3	47
DC.M8.4	Undetermined	DC.M8	No	http://www.biir.net/public_wikis/module_annotation/V2_Trial_8_Modules_M8.4	http://www.biir.net/	DC	M8.4	39
DC.M8.5	Undetermined	DC.M8	No	http://www.biir.net/public_wikis/module_annotation/V2_Trial_8_Modules_M8.5	http://www.biir.net/	DC	M8.5	37
DC.M8.6	Undetermined	DC.M8	No	http://www.biir.net/public_wikis/module_annotation/V2_Trial_8_Modules_M8.6	http://www.biir.net/	DC	M8.6	37
DC.M8.7	Undetermined	DC.M8	No	http://www.biir.net/public_wikis/module_annotation/V2_Trial_8_Modules_M8.7	http://www.biir.net/	DC	M8.7	32
DC.M8.8	Undetermined	DC.M8	No	http://www.biir.net/public_wikis/module_annotation/V2_Trial_8_Modules_M8.8	http://www.biir.net/	DC	M8.8	33
DC.M8.9	Undetermined	DC.M8	No	http://www.biir.net/public_wikis/module_annotation/V2_Trial_8_Modules_M8.9	http://www.biir.net/	DC	M8.9	20
DC.M8.10	Undetermined	DC.M8	No	http://www.biir.net/public_wikis/module_annotation/V2_Trial_8_Modules_M8.10	http://www.biir.net/	DC	M8.10	33
DC.M8.11	Undetermined	DC.M8	No	http://www.biir.net/public_wikis/module_annotation/V2_Trial_8_Modules_M8.11	http://www.biir.net/	DC	M8.11	28
DC.M8.12	Undetermined	DC.M8	No	http://www.biir.net/public_wikis/module_annotation/V2_Trial_8_Modules_M8.12	http://www.biir.net/	DC	M8.12	11
DC.M8.13	Undetermined	DC.M8	No	http://www.biir.net/public_wikis/module_annotation/V2_Trial_8_Modules_M8.13	http://www.biir.net/	DC	M8.13	30
DC.M8.14	Undetermined	DC.M8	No	http://www.biir.net/public_wikis/module_annotation/V2_Trial_8_Modules_M8.14	http://www.biir.net/	DC	M8.14	33
DC.M8.15	Undetermined	DC.M8	No	http://www.biir.net/public_wikis/module_annotation/V2_Trial_8_Modules_M8.15	http://www.biir.net/	DC	M8.15	30
DC.M8.16	Undetermined	DC.M8	No	http://www.biir.net/public_wikis/module_annotation/V2_Trial_8_Modules_M8.16	http://www.biir.net/	DC	M8.16	27
DC.M8.17	Undetermined	DC.M8	No	http://www.biir.net/public_wikis/module_annotation/V2_Trial_8_Modules_M8.17	http://www.biir.net/	DC	M8.17	27
DC.M8.18	Undetermined	DC.M8	No	http://www.biir.net/public_wikis/module_annotation/V2_Trial_8_Modules_M8.18	http://www.biir.net/	DC	M8.18	24
DC.M8.19	Undetermined	DC.M8	No	http://www.biir.net/public_wikis/module_annotation/V2_Trial_8_Modules_M8.19	http://www.biir.net/	DC	M8.19	26
DC.M8.20	Undetermined	DC.M8	No	http://www.biir.net/public_wikis/module_annotation/V2_Trial_8_Modules_M8.20	http://www.biir.net/	DC	M8.20	24
DC.M8.21	Undetermined	DC.M8	No	http://www.biir.net/public_wikis/module_annotation/V2_Trial_8_Modules_M8.21	http://www.biir.net/	DC	M8.21	24
DC.M8.22	Undetermined	DC.M8	No	http://www.biir.net/public_wikis/module_annotation/V2_Trial_8_Modules_M8.22	http://www.biir.net/	DC	M8.22	25
DC.M8.23	Undetermined	DC.M8	No	http://www.biir.net/public_wikis/module_annotation/V2_Trial_8_Modules_M8.23	http://www.biir.net/	DC	M8.23	11
DC.M8.24	Undetermined	DC.M8	No	http://www.biir.net/public_wikis/module_annotation/V2_Trial_8_Modules_M8.24	http://www.biir.net/	DC	M8.24	19
DC.M8.25	Undetermined	DC.M8	No	http://www.biir.net/public_wikis/module_annotation/V2_Trial_8_Modules_M8.25	http://www.biir.net/	DC	M8.25	23
DC.M8.26	Undetermined	DC.M8	No	http://www.biir.net/public_wikis/module_annotation/V2_Trial_8_Modules_M8.26	http://www.biir.net/	DC	M8.26	26
DC.M8.27	Undetermined	DC.M8	No	http://www.biir.net/public_wikis/module_annotation/V2_Trial_8_Modules_M8.27	http://www.biir.net/	DC	M8.27	22
DC.M8.28	Undetermined	DC.M8	No	http://www.biir.net/public_wikis/module_annotation/V2_Trial_8_Modules_M8.28	http://www.biir.net/	DC	M8.28	23
DC.M8.29	Undetermined	DC.M8	No	http://www.biir.net/public_wikis/module_annotation/V2_Trial_8_Modules_M8.29	http://www.biir.net/	DC	M8.29	23
DC.M8.30	Undetermined	DC.M8	No	http://www.biir.net/public_wikis/module_annotation/V2_Trial_8_Modules_M8.30	http://www.biir.net/	DC	M8.30	21
DC.M8.31	Undetermined	DC.M8	No	http://www.biir.net/public_wikis/module_annotation/V2_Trial_8_Modules_M8.31	http://www.biir.net/	DC	M8.31	20
DC.M8.32	Undetermined	DC.M8	No	http://www.biir.net/public_wikis/module_annotation/V2_Trial_8_Modules_M8.32	http://www.biir.net/	DC	M8.32	22
DC.M8.33	Undetermined	DC.M8	No	http://www.biir.net/public_wikis/module_annotation/V2_Trial_8_Modules_M8.33	http://www.biir.net/	DC	M8.33	22
DC.M8.34	Undetermined	DC.M8	No	http://www.biir.net/public_wikis/module_annotation/V2_Trial_8_Modules_M8.34	http://www.biir.net/	DC	M8.34	22
DC.M8.35	Undetermined	DC.M8	No	http://www.biir.net/public_wikis/module_annotation/V2_Trial_8_Modules_M8.35	http://www.biir.net/	DC	M8.35	21
DC.M8.36	Undetermined	DC.M8	No	http://www.biir.net/public_wikis/module_annotation/V2_Trial_8_Modules_M8.36	http://www.biir.net/	DC	M8.36	21
DC.M8.37	Undetermined	DC.M8	No	http://www.biir.net/public_wikis/module_annotation/V2_Trial_8_Modules_M8.37	http://www.biir.net/	DC	M8.37	21
DC.M8.38	Undetermined	DC.M8	No	http://www.biir.net/public_wikis/module_annotation/V2_Trial_8_Modules_M8.38	http://www.biir.net/	DC	M8.38	21
DC.M8.39	Undetermined	DC.M8	No	http://www.biir.net/public_wikis/module_annotation/V2_Trial_8_Modules_M8.39	http://www.biir.net/	DC	M8.39	19
DC.M8.40	Undetermined	DC.M8	No	http://www.biir.net/public_wikis/module_annotation/V2_Trial_8_Modules_M8.40	http://www.biir.net/	DC	M8.40	18
DC.M8.41	Undetermined	DC.M8	No	http://www.biir.net/public_wikis/module_annotation/V2_Trial_8_Modules_M8.41	http://www.biir.net/	DC	M8.41	20
DC.M8.42	Undetermined	DC.M8	No	http://www.biir.net/public_wikis/module_annotation/V2_Trial_8_Modules_M8.42	http://www.biir.net/	DC	M8.42	19
DC.M8.43	Undetermined	DC.M8	No	http://www.biir.net/public_wikis/module_annotation/V2_Trial_8_Modules_M8.43	http://www.biir.net/	DC	M8.43	20
DC.M8.44	Undetermined	DC.M8	No	http://www.biir.net/public_wikis/module_annotation/V2_Trial_8_Modules_M8.44	http://www.biir.net/	DC	M8.44	18
DC.M8.45	Undetermined	DC.M8	No	http://www.biir.net/public_wikis/module_annotation/V2_Trial_8_Modules_M8.45	http://www.biir.net/	DC	M8.45	17
DC.M8.46	Cytotoxic/NK	DC.M8	Yes	http://www.biir.net/public_wikis/module_annotation/V2_Trial_8_Modules_M8.46	http://www.biir.net/	DC	M8.46	16
DC.M8.47	Undetermined	DC.M8	No	http://www.biir.net/public_wikis/module_annotation/V2_Trial_8_Modules_M8.47	http://www.biir.net/	DC	M8.47	17
DC.M8.48	Undetermined	DC.M8	No	http://www.biir.net/public_wikis/module_annotation/V2_Trial_8_Modules_M8.48	http://www.biir.net/	DC	M8.48	16
DC.M8.49	Undetermined	DC.M8	No	http://www.biir.net/public_wikis/module_annotation/V2_Trial_8_Modules_M8.49	http://www.biir.net/	DC	M8.49	19
DC.M8.50	Undetermined	DC.M8	No	http://www.biir.net/public_wikis/module_annotation/V2_Trial_8_Modules_M8.50	http://www.biir.net/	DC	M8.50	17
DC.M8.51	Undetermined	DC.M8	No	http://www.biir.net/public_wikis/module_annotation/V2_Trial_8_Modules_M8.51	http://www.biir.net/	DC	M8.51	17
DC.M8.52	Undetermined	DC.M8	No	http://www.biir.net/public_wikis/module_annotation/V2_Trial_8_Modules_M8.52	http://www.biir.net/	DC	M8.52	17
DC.M8.53	Undetermined	DC.M8	No	http://www.biir.net/public_wikis/module_annotation/V2_Trial_8_Modules_M8.53	http://www.biir.net/	DC	M8.53	15
DC.M8.54	Undetermined	DC.M8	No	http://www.biir.net/public_wikis/module_annotation/V2_Trial_8_Modules_M8.54	http://www.biir.net/	DC	M8.54	15
DC.M8.55	Undetermined	DC.M8	No	http://www.biir.net/public_wikis/module_annotation/V2_Trial_8_Modules_M8.55	http://www.biir.net/	DC	M8.55	15
DC.M8.56	Undetermined	DC.M8	No	http://www.biir.net/public_wikis/module_annotation/V2_Trial_8_Modules_M8.56	http://www.biir.net/	DC	M8.56	15
DC.M8.57	Undetermined	DC.M8	No	http://www.biir.net/public_wikis/module_annotation/V2_Trial_8_Modules_M8.57	http://www.biir.net/	DC	M8.57	16
DC.M8.58	Undetermined	DC.M8	No	http://www.biir.net/public_wikis/module_annotation/V2_Trial_8_Modules_M8.58	http://www.biir.net/	DC	M8.58	15
DC.M8.59	Undetermined	DC.M8	No	http://www.biir.net/public_wikis/module_annotation/V2_Trial_8_Modules_M8.59	http://www.biir.net/	DC	M8.59	15
DC.M8.60	Undetermined	DC.M8	No	http://www.biir.net/public_wikis/module_annotation/V2_Trial_8_Modules_M8.60	http://www.biir.net/	DC	M8.60	14
DC.M8.61	Undetermined	DC.M8	No	http://www.biir.net/public_wikis/module_annotation/V2_Trial_8_Modules_M8.61	http://www.biir.net/	DC	M8.61	16
DC.M8.62	Undetermined	DC.M8	No	http://www.biir.net/public_wikis/module_annotation/V2_Trial_8_Modules_M8.62	http://www.biir.net/	DC	M8.62	15
DC.M8.63	Undetermined	DC.M8	No	http://www.biir.net/public_wikis/module_annotation/V2_Trial_8_Modules_M8.63	http://www.biir.net/	DC	M8.63	15
DC.M8.64	Undetermined	DC.M8	No	http://www.biir.net/public_wikis/module_annotation/V2_Trial_8_Modules_M8.64	http://www.biir.net/	DC	M8.64	14
DC.M8.65	Undetermined	DC.M8	No	http://www.biir.net/public_wikis/module_annotation/V2_Trial_8_Modules_M8.65	http://www.biir.net/	DC	M8.65	12
DC.M8.66	Undetermined	DC.M8	No	http://www.biir.net/public_wikis/module_annotation/V2_Trial_8_Modules_M8.66	http://www.biir.net/	DC	M8.66	11
DC.M8.67	Undetermined	DC.M8	No	http://www.biir.net/public_wikis/module_annotation/V2_Trial_8_Modules_M8.67	http://www.biir.net/	DC	M8.67	15
DC.M8.68	Undetermined	DC.M8	No	http://www.biir.net/public_wikis/module_annotation/V2_Trial_8_Modules_M8.68	http://www.biir.net/	DC	M8.68	14
DC.M8.69	Undetermined	DC.M8	No	http://www.biir.net/public_wikis/module_annotation/V2_Trial_8_Modules_M8.69	http://www.biir.net/	DC	M8.69	14
DC.M8.70	Undetermined	DC.M8	No	http://www.biir.net/public_wikis/module_annotation/V2_Trial_8_Modules_M8.70	http://www.biir.net/	DC	M8.70	14
DC.M8.71	Undetermined	DC.M8	No	http://www.biir.net/public_wikis/module_annotation/V2_Trial_8_Modules_M8.71	http://www.biir.net/	DC	M8.71	7
DC.M8.72	Undetermined	DC.M8	No	http://www.biir.net/public_wikis/module_annotation/V2_Trial_8_Modules_M8.72	http://www.biir.net/	DC	M8.72	14
DC.M8.73	Undetermined	DC.M8	No	http://www.biir.net/public_wikis/module_annotation/V2_Trial_8_Modules_M8.73	http://www.biir.net/	DC	M8.73	14
DC.M8.74	Undetermined	DC.M8	No	http://www.biir.net/public_wikis/module_annotation/V2_Trial_8_Modules_M8.74	http://www.biir.net/	DC	M8.74	13
DC.M8.75	Undetermined	DC.M8	No	http://www.biir.net/public_wikis/module_annotation/V2_Trial_8_Modules_M8.75	http://www.biir.net/	DC	M8.75	13
DC.M8.76	Undetermined	DC.M8	No	http://www.biir.net/public_wikis/module_annotation/V2_Trial_8_Modules_M8.76	http://www.biir.net/	DC	M8.76	13
DC.M8.77	Undetermined	DC.M8	No	http://www.biir.net/public_wikis/module_annotation/V2_Trial_8_Modules_M8.77	http://www.biir.net/	DC	M8.77	13
DC.M8.78	Undetermined	DC.M8	No	http://www.biir.net/public_wikis/module_annotation/V2_Trial_8_Modules_M8.78	http://www.biir.net/	DC	M8.78	12
DC.M8.79	Undetermined	DC.M8	No	http://www.biir.net/public_wikis/module_annotation/V2_Trial_8_Modules_M8.79	http://www.biir.net/	DC	M8.79	12
DC.M8.80	Undetermined	DC.M8	No	http://www.biir.net/public_wikis/module_annotation/V2_Trial_8_Modules_M8.80	http://www.biir.net/	DC	M8.80	12
DC.M8.81	Undetermined	DC.M8	No	http://www.biir.net/public_wikis/module_annotation/V2_Trial_8_Modules_M8.81	http://www.biir.net/	DC	M8.81	12
DC.M8.82	Undetermined	DC.M8	No	http://www.biir.net/public_wikis/module_annotation/V2_Trial_8_Modules_M8.82	http://www.biir.net/	DC	M8.82	12
DC.M8.83	Immune Responses	DC.M8	Yes	http://www.biir.net/public_wikis/module_annotation/V2_Trial_8_Modules_M8.83	http://www.biir.net/	DC	M8.83	11
DC.M8.84	Undetermined	DC.M8	No	http://www.biir.net/public_wikis/module_annotation/V2_Trial_8_Modules_M8.84	http://www.biir.net/	DC	M8.84	10
DC.M8.85	Undetermined	DC.M8	No	http://www.biir.net/public_wikis/module_annotation/V2_Trial_8_Modules_M8.85	http://www.biir.net/	DC	M8.85	10
DC.M8.86	Undetermined	DC.M8	No	http://www.biir.net/public_wikis/module_annotation/V2_Trial_8_Modules_M8.86	http://www.biir.net/	DC	M8.86	7
DC.M8.87	Undetermined	DC.M8	No	http://www.biir.net/public_wikis/module_annotation/V2_Trial_8_Modules_M8.87	http://www.biir.net/	DC	M8.87	12
DC.M8.88	Undetermined	DC.M8	No	http://www.biir.net/public_wikis/module_annotation/V2_Trial_8_Modules_M8.88	http://www.biir.net/	DC	M8.88	12
DC.M8.89	Undetermined	DC.M8	No	http://www.biir.net/public_wikis/module_annotation/V2_Trial_8_Modules_M8.89	http://www.biir.net/	DC	M8.89	12
DC.M8.90	Undetermined	DC.M8	No	http://www.biir.net/public_wikis/module_annotation/V2_Trial_8_Modules_M8.90	http://www.biir.net/	DC	M8.90	8
DC.M8.91	Undetermined	DC.M8	No	http://www.biir.net/public_wikis/module_annotation/V2_Trial_8_Modules_M8.91	http://www.biir.net/	DC	M8.91	7
DC.M8.92	Undetermined	DC.M8	No	http://www.biir.net/public_wikis/module_annotation/V2_Trial_8_Modules_M8.92	http://www.biir.net/	DC	M8.92	12
DC.M8.93	Undetermined	DC.M8	No	http://www.biir.net/public_wikis/module_annotation/V2_Trial_8_Modules_M8.93	http://www.biir.net/	DC	M8.93	9
DC.M8.94	Undetermined	DC.M8	No	http://www.biir.net/public_wikis/module_annotation/V2_Trial_8_Modules_M8.94	http://www.biir.net/	DC	M8.94	11
DC.M8.95	Undetermined	DC.M8	No	http://www.biir.net/public_wikis/module_annotation/V2_Trial_8_Modules_M8.95	http://www.biir.net/	DC	M8.95	9
DC.M8.96	Undetermined	DC.M8	No	http://www.biir.net/public_wikis/module_annotation/V2_Trial_8_Modules_M8.96	http://www.biir.net/	DC	M8.96	11
DC.M8.97	Undetermined	DC.M8	No	http://www.biir.net/public_wikis/module_annotation/V2_Trial_8_Modules_M8.97	http://www.biir.net/	DC	M8.97	11
DC.M8.98	Undetermined	DC.M8	No	http://www.biir.net/public_wikis/module_annotation/V2_Trial_8_Modules_M8.98	http://www.biir.net/	DC	M8.98	11
DC.M8.99	Undetermined	DC.M8	No	http://www.biir.net/public_wikis/module_annotation/V2_Trial_8_Modules_M8.99	http://www.biir.net/	DC	M8.99	9
DC.M8.100	Undetermined	DC.M8	No	http://www.biir.net/public_wikis/module_annotation/V2_Trial_8_Modules_M8.100	http://www.biir.net/	DC	M8.100	12
DC.M8.101	Undetermined	DC.M8	No	http://www.biir.net/public_wikis/module_annotation/V2_Trial_8_Modules_M8.101	http://www.biir.net/	DC	M8.101	11
DC.M8.102	Undetermined	DC.M8	No	http://www.biir.net/public_wikis/module_annotation/V2_Trial_8_Modules_M8.102	http://www.biir.net/	DC	M8.102	11
DC.M8.103	Undetermined	DC.M8	No	http://www.biir.net/public_wikis/module_annotation/V2_Trial_8_Modules_M8.103	http://www.biir.net/	DC	M8.103	10
DC.M8.104	Undetermined	DC.M8	No	http://www.biir.net/public_wikis/module_annotation/V2_Trial_8_Modules_M8.104	http://www.biir.net/	DC	M8.104	10
DC.M8.105	Undetermined	DC.M8	No	http://www.biir.net/public_wikis/module_annotation/V2_Trial_8_Modules_M8.105	http://www.biir.net/	DC	M8.105	10
DC.M8.106	Undetermined	DC.M8	No	http://www.biir.net/public_wikis/module_annotation/V2_Trial_8_Modules_M8.106	http://www.biir.net/	DC	M8.106	10
DC.M8.107	Undetermined	DC.M8	No	http://www.biir.net/public_wikis/module_annotation/V2_Trial_8_Modules_M8.107	http://www.biir.net/	DC	M8.107	10
DC.M8.108	Undetermined	DC.M8	No	http://www.biir.net/public_wikis/module_annotation/V2_Trial_8_Modules_M8.108	http://www.biir.net/	DC	M8.108	10
DC.M8.109	Undetermined	DC.M8	No	http://www.biir.net/public_wikis/module_annotation/V2_Trial_8_Modules_M8.109	http://www.biir.net/	DC	M8.109	10
DC.M8.110	Undetermined	DC.M8	No	http://www.biir.net/public_wikis/module_annotation/V2_Trial_8_Modules_M8.110	http://www.biir.net/	DC	M8.110	10
DC.M8.111	Undetermined	DC.M8	No	http://www.biir.net/public_wikis/module_annotation/V2_Trial_8_Modules_M8.111	http://www.biir.net/	DC	M8.111	9
DC.M9.1	Undetermined	DC.M9	No	http://www.biir.net/public_wikis/module_annotation/V2_Trial_8_Modules_M9.1	http://www.biir.net/	DC	M9.1	225
DC.M9.2	Undetermined	DC.M9	No	http://www.biir.net/public_wikis/module_annotation/V2_Trial_8_Modules_M9.2	http://www.biir.net/	DC	M9.2	165
DC.M9.3	Undetermined	DC.M9	No	http://www.biir.net/public_wikis/module_annotation/V2_Trial_8_Modules_M9.3	http://www.biir.net/	DC	M9.3	172
DC.M9.4	Undetermined	DC.M9	No	http://www.biir.net/public_wikis/module_annotation/V2_Trial_8_Modules_M9.4	http://www.biir.net/	DC	M9.4	81
DC.M9.5	Undetermined	DC.M9	No	http://www.biir.net/public_wikis/module_annotation/V2_Trial_8_Modules_M9.5	http://www.biir.net/	DC	M9.5	117
DC.M9.6	Undetermined	DC.M9	No	http://www.biir.net/public_wikis/module_annotation/V2_Trial_8_Modules_M9.6	http://www.biir.net/	DC	M9.6	114
DC.M9.7	Undetermined	DC.M9	No	http://www.biir.net/public_wikis/module_annotation/V2_Trial_8_Modules_M9.7	http://www.biir.net/	DC	M9.7	79
DC.M9.8	Undetermined	DC.M9	No	http://www.biir.net/public_wikis/module_annotation/V2_Trial_8_Modules_M9.8	http://www.biir.net/	DC	M9.8	100
DC.M9.9	Undetermined	DC.M9	No	http://www.biir.net/public_wikis/module_annotation/V2_Trial_8_Modules_M9.9	http://www.biir.net/	DC	M9.9	105
DC.M9.10	Undetermined	DC.M9	No	http://www.biir.net/public_wikis/module_annotation/V2_Trial_8_Modules_M9.10	http://www.biir.net/	DC	M9.10	73
DC.M9.11	Undetermined	DC.M9	No	http://www.biir.net/public_wikis/module_annotation/V2_Trial_8_Modules_M9.11	http://www.biir.net/	DC	M9.11	94
DC.M9.12	Undetermined	DC.M9	No	http://www.biir.net/public_wikis/module_annotation/V2_Trial_8_Modules_M9.12	http://www.biir.net/	DC	M9.12	81
DC.M9.13	Undetermined	DC.M9	No	http://www.biir.net/public_wikis/module_annotation/V2_Trial_8_Modules_M9.13	http://www.biir.net/	DC	M9.13	83
DC.M9.14	Undetermined	DC.M9	No	http://www.biir.net/public_wikis/module_annotation/V2_Trial_8_Modules_M9.14	http://www.biir.net/	DC	M9.14	78
DC.M9.15	Undetermined	DC.M9	No	http://www.biir.net/public_wikis/module_annotation/V2_Trial_8_Modules_M9.15	http://www.biir.net/	DC	M9.15	74
DC.M9.16	Undetermined	DC.M9	No	http://www.biir.net/public_wikis/module_annotation/V2_Trial_8_Modules_M9.16	http://www.biir.net/	DC	M9.16	72
DC.M9.17	Undetermined	DC.M9	No	http://www.biir.net/public_wikis/module_annotation/V2_Trial_8_Modules_M9.17	http://www.biir.net/	DC	M9.17	72
DC.M9.18	Undetermined	DC.M9	No	http://www.biir.net/public_wikis/module_annotation/V2_Trial_8_Modules_M9.18	http://www.biir.net/	DC	M9.18	67
DC.M9.19	Undetermined	DC.M9	No	http://www.biir.net/public_wikis/module_annotation/V2_Trial_8_Modules_M9.19	http://www.biir.net/	DC	M9.19	54
DC.M9.20	Undetermined	DC.M9	No	http://www.biir.net/public_wikis/module_annotation/V2_Trial_8_Modules_M9.20	http://www.biir.net/	DC	M9.20	67
DC.M9.21	Undetermined	DC.M9	No	http://www.biir.net/public_wikis/module_annotation/V2_Trial_8_Modules_M9.21	http://www.biir.net/	DC	M9.21	65
DC.M9.22	Undetermined	DC.M9	No	http://www.biir.net/public_wikis/module_annotation/V2_Trial_8_Modules_M9.22	http://www.biir.net/	DC	M9.22	58
DC.M9.23	Undetermined	DC.M9	No	http://www.biir.net/public_wikis/module_annotation/V2_Trial_8_Modules_M9.23	http://www.biir.net/	DC	M9.23	55
DC.M9.24	Undetermined	DC.M9	No	http://www.biir.net/public_wikis/module_annotation/V2_Trial_8_Modules_M9.24	http://www.biir.net/	DC	M9.24	50
DC.M9.25	Undetermined	DC.M9	No	http://www.biir.net/public_wikis/module_annotation/V2_Trial_8_Modules_M9.25	http://www.biir.net/	DC	M9.25	53
DC.M9.26	Undetermined	DC.M9	No	http://www.biir.net/public_wikis/module_annotation/V2_Trial_8_Modules_M9.26	http://www.biir.net/	DC	M9.26	33
DC.M9.27	Undetermined	DC.M9	No	http://www.biir.net/public_wikis/module_annotation/V2_Trial_8_Modules_M9.27	http://www.biir.net/	DC	M9.27	47
DC.M9.28	Undetermined	DC.M9	No	http://www.biir.net/public_wikis/module_annotation/V2_Trial_8_Modules_M9.28	http://www.biir.net/	DC	M9.28	45
DC.M9.29	Undetermined	DC.M9	No	http://www.biir.net/public_wikis/module_annotation/V2_Trial_8_Modules_M9.29	http://www.biir.net/	DC	M9.29	32
DC.M9.30	Undetermined	DC.M9	No	http://www.biir.net/public_wikis/module_annotation/V2_Trial_8_Modules_M9.30	http://www.biir.net/	DC	M9.30	39
DC.M9.31	Undetermined	DC.M9	No	http://www.biir.net/public_wikis/module_annotation/V2_Trial_8_Modules_M9.31	http://www.biir.net/	DC	M9.31	29
DC.M9.32	Undetermined	DC.M9	No	http://www.biir.net/public_wikis/module_annotation/V2_Trial_8_Modules_M9.32	http://www.biir.net/	DC	M9.32	34
DC.M9.33	Undetermined	DC.M9	No	http://www.biir.net/public_wikis/module_annotation/V2_Trial_8_Modules_M9.33	http://www.biir.net/	DC	M9.33	31
DC.M9.34	Undetermined	DC.M9	No	http://www.biir.net/public_wikis/module_annotation/V2_Trial_8_Modules_M9.34	http://www.biir.net/	DC	M9.34	26
DC.M9.35	Undetermined	DC.M9	No	http://www.biir.net/public_wikis/module_annotation/V2_Trial_8_Modules_M9.35	http://www.biir.net/	DC	M9.35	27
DC.M9.36	Undetermined	DC.M9	No	http://www.biir.net/public_wikis/module_annotation/V2_Trial_8_Modules_M9.36	http://www.biir.net/	DC	M9.36	20
DC.M9.37	Undetermined	DC.M9	No	http://www.biir.net/public_wikis/module_annotation/V2_Trial_8_Modules_M9.37	http://www.biir.net/	DC	M9.37	23
DC.M9.38	Undetermined	DC.M9	No	http://www.biir.net/public_wikis/module_annotation/V2_Trial_8_Modules_M9.38	http://www.biir.net/	DC	M9.38	20
DC.M9.39	Undetermined	DC.M9	No	http://www.biir.net/public_wikis/module_annotation/V2_Trial_8_Modules_M9.39	http://www.biir.net/	DC	M9.39	23
DC.M9.40	Undetermined	DC.M9	No	http://www.biir.net/public_wikis/module_annotation/V2_Trial_8_Modules_M9.40	http://www.biir.net/	DC	M9.40	21
DC.M9.41	Undetermined	DC.M9	No	http://www.biir.net/public_wikis/module_annotation/V2_Trial_8_Modules_M9.41	http://www.biir.net/	DC	M9.41	20
DC.M9.42	Cell Cycle	DC.M9	Yes	http://www.biir.net/public_wikis/module_annotation/V2_Trial_8_Modules_M9.42	http://www.biir.net/	DC	M9.42	20
DC.M9.43	Undetermined	DC.M9	No	http://www.biir.net/public_wikis/module_annotation/V2_Trial_8_Modules_M9.43	http://www.biir.net/	DC	M9.43	18
DC.M9.44	Undetermined	DC.M9	No	http://www.biir.net/public_wikis/module_annotation/V2_Trial_8_Modules_M9.44	http://www.biir.net/	DC	M9.44	17
DC.M9.45	Undetermined	DC.M9	No	http://www.biir.net/public_wikis/module_annotation/V2_Trial_8_Modules_M9.45	http://www.biir.net/	DC	M9.45	15
DC.M9.46	Undetermined	DC.M9	No	http://www.biir.net/public_wikis/module_annotation/V2_Trial_8_Modules_M9.46	http://www.biir.net/	DC	M9.46	15
DC.M9.47	Undetermined	DC.M9	No	http://www.biir.net/public_wikis/module_annotation/V2_Trial_8_Modules_M9.47	http://www.biir.net/	DC	M9.47	13
DC.M9.48	Undetermined	DC.M9	No	http://www.biir.net/public_wikis/module_annotation/V2_Trial_8_Modules_M9.48	http://www.biir.net/	DC	M9.48	10
DC.M9.49	Undetermined	DC.M9	No	http://www.biir.net/public_wikis/module_annotation/V2_Trial_8_Modules_M9.49	http://www.biir.net/	DC	M9.49	11
DC.M9.50	Undetermined	DC.M9	No	http://www.biir.net/public_wikis/module_annotation/V2_Trial_8_Modules_M9.50	http://www.biir.net/	DC	M9.50	12
DC.M9.51	Undetermined	DC.M9	No	http://www.biir.net/public_wikis/module_annotation/V2_Trial_8_Modules_M9.51	http://www.biir.net/	DC	M9.51	12
DC.M9.52	Undetermined	DC.M9	No	http://www.biir.net/public_wikis/module_annotation/V2_Trial_8_Modules_M9.52	http://www.biir.net/	DC	M9.52	11
